meeting_id,segment_id,start_time,end_time,speaker,text,is_overlap,overlap_type,topic,decision,action_item,event_type,content,owner,deadline,uncertainty_note
R8009_M8018,R8009_M8018_seg0001,0.490,1.000,N_SPK8021,小雪。,False,none,小雪,,,speaker_stance,认为小雪,,,
R8009_M8018,R8009_M8018_seg0002,1.340,4.380,N_SPK8022,嗯。嗯,True,partial,高重叠不确定,,,uncertainty,高重叠语音，内容或说话人归属不确定,,,多人同时说话，按项目规则标为不确定
R8009_M8018,R8009_M8018_seg0002,1.340,4.380,N_SPK8021,我们公司那个下个月的超市就要开业了。,True,partial,高重叠不确定,,,uncertainty,高重叠语音，内容或说话人归属不确定,,,多人同时说话，按项目规则标为不确定
R8009_M8018,R8009_M8018_seg0003,4.660,8.020,N_SPK8022,哦。,True,partial,高重叠不确定,,,uncertainty,高重叠语音，内容或说话人归属不确定,,,多人同时说话，按项目规则标为不确定
R8009_M8018,R8009_M8018_seg0003,4.660,8.020,N_SPK8021,然后过来今天过来叫你过来，问一下就是我们现在的。,True,partial,高重叠不确定,,,uncertainty,高重叠语音，内容或说话人归属不确定,,,多人同时说话，按项目规则标为不确定
R8009_M8018,R8009_M8018_seg0004,8.020,10.790,N_SPK8021,他们社保的话，新员工的话是怎么购买的？,False,none,他们社保，新员工是怎么购买的？,,,open_question,待确认他们社保，新员工是怎么购买的？,,,
R8009_M8018,R8009_M8018_seg0005,11.610,19.760,N_SPK8022,就是，社保这一块的话，我们是计划给他们，就是，觉得现在是按那个最低比例嘛，买个百分之六十左右。,False,none,就是，社保，是计划给他们，就是，觉得...,,,speaker_stance,认为就是，社保，是计划给他们，就是，觉得现在是按最低比例嘛，买个百分之六十左右,,,
R8009_M8018,R8009_M8018_seg0006,19.870,21.150,N_SPK8021,百分之六十左右。,True,partial,高重叠不确定,,,uncertainty,高重叠语音，内容或说话人归属不确定,,,多人同时说话，按项目规则标为不确定
R8009_M8018,R8009_M8018_seg0006,19.870,21.150,N_SPK8022,嗯，对。,True,partial,高重叠不确定,,,uncertainty,高重叠语音，内容或说话人归属不确定,,,多人同时说话，按项目规则标为不确定
R8009_M8018,R8009_M8018_seg0007,21.400,25.260,N_SPK8021,啊他们大概他们现在我们给他定的基本工资是多少？,True,partial,高重叠不确定,,,uncertainty,高重叠语音，内容或说话人归属不确定,,,多人同时说话，按项目规则标为不确定
R8009_M8018,R8009_M8018_seg0007,21.400,25.260,N_SPK8022,嗯。,True,partial,高重叠不确定,,,uncertainty,高重叠语音，内容或说话人归属不确定,,,多人同时说话，按项目规则标为不确定
R8009_M8018,R8009_M8018_seg0008,25.330,34.700,N_SPK8022,基本工资目前是。平均工资在三千块左右。,True,partial,高重叠不确定,,,uncertainty,高重叠语音，内容或说话人归属不确定,,,多人同时说话，按项目规则标为不确定
R8009_M8018,R8009_M8018_seg0008,25.330,34.700,N_SPK8021,之前过来对吧？,True,partial,高重叠不确定,,,uncertainty,高重叠语音，内容或说话人归属不确定,,,多人同时说话，按项目规则标为不确定
R8009_M8018,R8009_M8018_seg0008,25.330,34.700,N_SPK8022,嗯然后百分之六十的话，我们缴存百分之四十三点几。,True,partial,高重叠不确定,,,uncertainty,高重叠语音，内容或说话人归属不确定,,,多人同时说话，按项目规则标为不确定
R8009_M8018,R8009_M8018_seg0009,34.700,37.510,N_SPK8022,剩下的部分就由他们自己，自己去。,False,none,剩下的部分就由他们自己，自己去,,,speaker_stance,认为剩下的部分就由他们自己，自己去,,,
R8009_M8018,R8009_M8018_seg0010,38.230,39.230,N_SPK8022,付交付。,False,none,付交付,,,speaker_stance,认为付交付,,,
R8009_M8018,R8009_M8018_seg0011,39.610,41.800,N_SPK8021,那我们准备是什么时候？是,False,none,那准备是什么时候？是,,,speaker_stance,认为那准备是什么时候？是,,,
R8009_M8018,R8009_M8018_seg0012,41.800,44.580,N_SPK8021,购买是多久时间段给他们购买？,False,none,购买是多久时间段给他们购买？,,,open_question,待确认购买是多久时间段给他们购买？,,,
R8009_M8018,R8009_M8018_seg0013,45.200,51.570,N_SPK8022,就是一般的话，是，以员工转正就应该是要买社保的。我们目前的转正时间是在三十日。,False,none,就是一般，是，以员工转正就应该是要买...,,,speaker_stance,认为就是一般，是，以员工转正就应该是要买社保的，目前的转正时间是在三十日,,,
R8009_M8018,R8009_M8018_seg0014,52.120,54.820,N_SPK8022,就一个月，过后，转正过后就开始购买社保。,False,none,就一个月，过后，转正过后就开始购买社...,,,topic_transition,讨论就一个月，过后，转正过后就开始购买社保,,,
R8009_M8018,R8009_M8018_seg0015,54.970,58.700,N_SPK8021,那那那个，它是当月购买啊，比如说我下个月转正啊。,False,none,那那，它是当月购买，比如说我下个月转...,,,speaker_stance,认为那那，它是当月购买，比如说我下个月转正,,,
R8009_M8018,R8009_M8018_seg0016,58.700,60.840,N_SPK8021,我是下个月就买？还是下下个月买？,False,none,我是下个月就买？还是下下个月买？,,,open_question,待确认我是下个月就买？还是下下个月买？,,,
R8009_M8018,R8009_M8018_seg0017,61.240,66.890,N_SPK8022,嗯就是，比如这个月入职的，下个月转正过后，就就下个月就开始购买。,True,partial,高重叠不确定,,,uncertainty,高重叠语音，内容或说话人归属不确定,,,多人同时说话，按项目规则标为不确定
R8009_M8018,R8009_M8018_seg0017,61.240,66.890,N_SPK8021,嗯。,True,partial,高重叠不确定,,,uncertainty,高重叠语音，内容或说话人归属不确定,,,多人同时说话，按项目规则标为不确定
R8009_M8018,R8009_M8018_seg0018,67.450,69.330,N_SPK8022,差不多的话，也就是在。,False,none,差不多，也就是在,,,speaker_stance,认为差不多，也就是在,,,
R8009_M8018,R8009_M8018_seg0019,70.140,76.550,N_SPK8022,即将转正前，一周左右，我们就要开始收集他们的资料，就要往那边，我们要去需要提交资料。,False,none,即将转正前，一周左右，就要开始收集他...,,跟进即将转正前，一周左右，就要开始收集他们的资料，就要往那边，要去需要提交资料,action_item,跟进即将转正前，一周左右，就要开始收集他们的资料，就要往那边，要去需要提交资料,uncertain,,
R8009_M8018,R8009_M8018_seg0020,77.110,82.020,N_SPK8021,现在多少个人大概预计的话招了多少个人了，然可能还会有多少个人？,False,none,现在多少个人大概预计招了多少个人了...,,,open_question,待确认现在多少个人大概预计招了多少个人了，然可能还会有多少个人？,,,
R8009_M8018,R8009_M8018_seg0021,82.480,86.690,N_SPK8022,目前的话是，交了有，二十七八人左右了。,False,none,目前是，交了有，二十七八人左右了,,,speaker_stance,认为目前是，交了有，二十七八人左右了,,,
R8009_M8018,R8009_M8018_seg0022,87.050,89.440,N_SPK8022,嗯预计是，我们需要招四十人。,False,none,预计是，需要招四十人,,,speaker_stance,认为预计是，需要招四十人,,,
R8009_M8018,R8009_M8018_seg0023,89.500,90.740,N_SPK8021,四十个人。,True,partial,高重叠不确定,,,uncertainty,高重叠语音，内容或说话人归属不确定,,,多人同时说话，按项目规则标为不确定
R8009_M8018,R8009_M8018_seg0023,89.500,90.740,N_SPK8022,嗯，对。,True,partial,高重叠不确定,,,uncertainty,高重叠语音，内容或说话人归属不确定,,,多人同时说话，按项目规则标为不确定
R8009_M8018,R8009_M8018_seg0024,91.090,93.380,N_SPK8021,那那个店铺的管理层呢？,False,none,那店铺的管理层呢？,,,open_question,待确认那店铺的管理层呢？,,,
R8009_M8018,R8009_M8018_seg0025,93.380,94.500,N_SPK8021,还会招吗？,False,none,还会招吗？,,,open_question,待确认还会招吗？,,,
R8009_M8018,R8009_M8018_seg0026,94.850,100.280,N_SPK8022,嗯，这个的话，后期可能还需要再，增加两个，两到三个左右。,False,none,后期可能还需要再，增加两个，两到三个...,,,speaker_stance,认为后期可能还需要再，增加两个，两到三个左右,,,
R8009_M8018,R8009_M8018_seg0027,100.480,102.900,N_SPK8021,因为我们现在开四家新店，然后。,False,none,因为现在开四家新店,,,speaker_stance,认为因为现在开四家新店,,,
R8009_M8018,R8009_M8018_seg0028,103.630,110.520,N_SPK8021,可能话就需要还是卖社保吧，社保主要是哪哪五险啊，我之前听到说五险五险是哪五险啊？,False,none,可能话就需要还是卖社保吧，社保主要是...,,,open_question,待确认可能话就需要还是卖社保吧，社保主要是哪哪五险，我之前听到说五险五险是哪五险？,,,
R8009_M8018,R8009_M8018_seg0029,110.720,117.210,N_SPK8022,嗯那个五险的话，主要是，医疗保险，是嗯养老保险，还有失业保险，工伤险。,False,none,五险，主要是，医疗保险，是养老保险...,,,speaker_stance,认为五险，主要是，医疗保险，是养老保险，还有失业保险，工伤险,,,
R8009_M8018,R8009_M8018_seg0030,117.210,123.100,N_SPK8022,还有生育险。这，这五个险，险种。,True,partial,高重叠不确定,,,uncertainty,高重叠语音，内容或说话人归属不确定,,,多人同时说话，按项目规则标为不确定
R8009_M8018,R8009_M8018_seg0030,117.210,123.100,N_SPK8021,哦是他那个比如说有男员工的话，他的生育。,True,partial,高重叠不确定,,,uncertainty,高重叠语音，内容或说话人归属不确定,,,多人同时说话，按项目规则标为不确定
R8009_M8018,R8009_M8018_seg0031,123.790,133.840,N_SPK8021,是必须买吗？还是怎样？,True,partial,高重叠不确定,,,uncertainty,高重叠语音，内容或说话人归属不确定,,,多人同时说话，按项目规则标为不确定
R8009_M8018,R8009_M8018_seg0031,123.790,133.840,N_SPK8022,嗯这个是，必须买的，就是，男员工也是要买的，因为他在五险之内。含在五险。,True,partial,高重叠不确定,,,uncertainty,高重叠语音，内容或说话人归属不确定,,,多人同时说话，按项目规则标为不确定
R8009_M8018,R8009_M8018_seg0031,123.790,133.840,N_SPK8021,哦因为在我的理解中，可能男员工的话不需要买，他是因为。,True,partial,高重叠不确定,,,uncertainty,高重叠语音，内容或说话人归属不确定,,,多人同时说话，按项目规则标为不确定
R8009_M8018,R8009_M8018_seg0032,133.840,137.460,N_SPK8021,会就是有妻子的话，会有小孩就还会买这个。,False,none,会就是有妻子，会有小孩就还会买,,,speaker_stance,认为会就是有妻子，会有小孩就还会买,,,
R8009_M8018,R8009_M8018_seg0033,137.540,139.460,N_SPK8022,嗯对对对，这个是必须购买的。,False,none,对对对，是必须购买的,,,speaker_stance,认为对对对，是必须购买的,,,
R8009_M8018,R8009_M8018_seg0034,140.550,146.670,N_SPK8022,然后。就是，还有一个问题就是，现在，因为我们公司新进来的员工的话。,True,partial,高重叠不确定,,,uncertainty,高重叠语音，内容或说话人归属不确定,,,多人同时说话，按项目规则标为不确定
R8009_M8018,R8009_M8018_seg0034,140.550,146.670,N_SPK8021,嗯。,True,partial,高重叠不确定,,,uncertainty,高重叠语音，内容或说话人归属不确定,,,多人同时说话，按项目规则标为不确定
R8009_M8018,R8009_M8018_seg0034,140.550,146.670,N_SPK8021,嗯,True,partial,高重叠不确定,,,uncertainty,高重叠语音，内容或说话人归属不确定,,,多人同时说话，按项目规则标为不确定
R8009_M8018,R8009_M8018_seg0035,147.130,149.340,N_SPK8022,大多都是，年轻人比较多一些。,False,none,大多都是，年轻人比较多一些,,,speaker_stance,认为大多都是，年轻人比较多一些,,,
R8009_M8018,R8009_M8018_seg0036,149.340,151.760,N_SPK8022,可能，在公积金，这一块的话。,False,none,可能，在公积金,,,speaker_stance,认为可能，在公积金,,,
R8009_M8018,R8009_M8018_seg0037,151.760,154.870,N_SPK8022,应该也是，比较有所需要的。租房公积金。,False,none,应该也是，比较有所需要的，租房公积金,,,speaker_stance,认为应该也是，比较有所需要的，租房公积金,,,
R8009_M8018,R8009_M8018_seg0038,155.620,159.510,N_SPK8022,就，嗯，到时候我们公司看，有没有计划这一块。,False,none,就，到时候公司看，有没有计划,,,speaker_stance,认为就，到时候公司看，有没有计划,,,
R8009_M8018,R8009_M8018_seg0039,160.240,164.220,N_SPK8021,啊，公积金的话可以买，一般我觉得的话公积金他们，比如说。,True,partial,高重叠不确定,,,uncertainty,高重叠语音，内容或说话人归属不确定,,,多人同时说话，按项目规则标为不确定
R8009_M8018,R8009_M8018_seg0039,160.240,164.220,N_SPK8022,嗯，就是。,True,partial,高重叠不确定,,,uncertainty,高重叠语音，内容或说话人归属不确定,,,多人同时说话，按项目规则标为不确定
R8009_M8018,R8009_M8018_seg0040,164.620,167.760,N_SPK8021,呃转正之后，比如三个月转正之后再购买嘛，因为。,False,none,转正之后，比如三个月转正之后再购买嘛...,,,speaker_stance,认为转正之后，比如三个月转正之后再购买嘛，因为,,,
R8009_M8018,R8009_M8018_seg0041,167.760,169.690,N_SPK8021,因为现毕竟说实话。,False,none,因为现毕竟说实话,,,speaker_stance,认为因为现毕竟说实话,,,
R8009_M8018,R8009_M8018_seg0042,169.690,171.190,N_SPK8021,就是找工作的人。,False,none,就是找工作的人,,,speaker_stance,认为就是找工作的人,,,
R8009_M8018,R8009_M8018_seg0043,171.190,172.270,N_SPK8021,他们的那种。,False,none,他们的那种,,,speaker_stance,认为他们的那种,,,
R8009_M8018,R8009_M8018_seg0044,173.280,179.150,N_SPK8022,这样流动性会比较大嘛。,True,partial,高重叠不确定,,,uncertainty,高重叠语音，内容或说话人归属不确定,,,多人同时说话，按项目规则标为不确定
R8009_M8018,R8009_M8018_seg0044,173.280,179.150,N_SPK8021,离对离职。,True,partial,高重叠不确定,,,uncertainty,高重叠语音，内容或说话人归属不确定,,,多人同时说话，按项目规则标为不确定
R8009_M8018,R8009_M8018_seg0044,173.280,179.150,N_SPK8021,对对对动性比较大。,True,partial,高重叠不确定,,,uncertainty,高重叠语音，内容或说话人归属不确定,,,多人同时说话，按项目规则标为不确定
R8009_M8018,R8009_M8018_seg0044,173.280,179.150,N_SPK8022,嗯。,True,partial,高重叠不确定,,,uncertainty,高重叠语音，内容或说话人归属不确定,,,多人同时说话，按项目规则标为不确定
R8009_M8018,R8009_M8018_seg0044,173.280,179.150,N_SPK8021,然后可能话需要他们稳定一段时间。再买吧。,True,partial,高重叠不确定,,,uncertainty,高重叠语音，内容或说话人归属不确定,,,多人同时说话，按项目规则标为不确定
R8009_M8018,R8009_M8018_seg0045,179.150,187.940,N_SPK8021,呃，公积金的话这块就是我们这边是必须购买，还就是政策的话是必须购买还是有可那个？,True,partial,高重叠不确定,,,uncertainty,高重叠语音，内容或说话人归属不确定,,,多人同时说话，按项目规则标为不确定
R8009_M8018,R8009_M8018_seg0045,179.150,187.940,N_SPK8022,嗯。,True,partial,高重叠不确定,,,uncertainty,高重叠语音，内容或说话人归属不确定,,,多人同时说话，按项目规则标为不确定
R8009_M8018,R8009_M8018_seg0045,179.150,187.940,N_SPK8022,这个是呃。,True,partial,高重叠不确定,,,uncertainty,高重叠语音，内容或说话人归属不确定,,,多人同时说话，按项目规则标为不确定
R8009_M8018,R8009_M8018_seg0046,187.940,190.570,N_SPK8022,公积金是可以购买。可不购买。,False,none,公积金是可以购买，可不购买,,,speaker_stance,认为公积金是可以购买，可不购买,,,
R8009_M8018,R8009_M8018_seg0047,190.570,197.010,N_SPK8022,但是就是，主要是考虑，就是，让他们会做得更长久一些吧。,True,partial,高重叠不确定,,,uncertainty,高重叠语音，内容或说话人归属不确定,,,多人同时说话，按项目规则标为不确定
R8009_M8018,R8009_M8018_seg0047,190.570,197.010,N_SPK8021,嗯对。,True,partial,高重叠不确定,,,uncertainty,高重叠语音，内容或说话人归属不确定,,,多人同时说话，按项目规则标为不确定
R8009_M8018,R8009_M8018_seg0047,190.570,197.010,N_SPK8022,因为现在招人还是比较困难，而且。,True,partial,高重叠不确定,,,uncertainty,高重叠语音，内容或说话人归属不确定,,,多人同时说话，按项目规则标为不确定
R8009_M8018,R8009_M8018_seg0048,197.010,201.690,N_SPK8022,我们，公司的那个。,True,partial,高重叠不确定,,,uncertainty,高重叠语音，内容或说话人归属不确定,,,多人同时说话，按项目规则标为不确定
R8009_M8018,R8009_M8018_seg0048,197.010,201.690,N_SPK8021,嗯,True,partial,高重叠不确定,,,uncertainty,高重叠语音，内容或说话人归属不确定,,,多人同时说话，按项目规则标为不确定
R8009_M8018,R8009_M8018_seg0048,197.010,201.690,N_SPK8022,薪资水平，也不是，特别高嘛。,True,partial,高重叠不确定,,,uncertainty,高重叠语音，内容或说话人归属不确定,,,多人同时说话，按项目规则标为不确定
R8009_M8018,R8009_M8018_seg0049,201.760,207.890,N_SPK8021,不是特别，对吧？嗯,True,partial,高重叠不确定,,,uncertainty,高重叠语音，内容或说话人归属不确定,,,多人同时说话，按项目规则标为不确定
R8009_M8018,R8009_M8018_seg0049,201.760,207.890,N_SPK8022,嗯就是，比较，这是一个，年轻人毕竟是比较有需求的一个部分就是。,True,partial,高重叠不确定,,,uncertainty,高重叠语音，内容或说话人归属不确定,,,多人同时说话，按项目规则标为不确定
R8009_M8018,R8009_M8018_seg0050,207.890,220.260,N_SPK8022,就，前几天招人的时候，他们有提议到这一块，所以就跟你商量一下。,True,partial,高重叠不确定,,,uncertainty,高重叠语音，内容或说话人归属不确定,,,多人同时说话，按项目规则标为不确定
R8009_M8018,R8009_M8018_seg0050,207.890,220.260,N_SPK8021,嗯,True,partial,高重叠不确定,,,uncertainty,高重叠语音，内容或说话人归属不确定,,,多人同时说话，按项目规则标为不确定
R8009_M8018,R8009_M8018_seg0050,207.890,220.260,N_SPK8021,嗯嗯。,True,partial,高重叠不确定,,,uncertainty,高重叠语音，内容或说话人归属不确定,,,多人同时说话，按项目规则标为不确定
R8009_M8018,R8009_M8018_seg0050,207.890,220.260,N_SPK8021,那这个大概买多少钱啊，比如说我们需要承担多少他们员工，我知道是两部分，一个是企业承担，一个是员工承担。,True,partial,高重叠不确定,,,uncertainty,高重叠语音，内容或说话人归属不确定,,,多人同时说话，按项目规则标为不确定
R8009_M8018,R8009_M8018_seg0050,207.890,220.260,N_SPK8022,他们。,True,partial,高重叠不确定,,,uncertainty,高重叠语音，内容或说话人归属不确定,,,多人同时说话，按项目规则标为不确定
R8009_M8018,R8009_M8018_seg0050,207.890,220.260,N_SPK8022,嗯。,True,partial,高重叠不确定,,,uncertainty,高重叠语音，内容或说话人归属不确定,,,多人同时说话，按项目规则标为不确定
R8009_M8018,R8009_M8018_seg0051,220.260,221.680,N_SPK8021,那这个比例大概是多少？,False,none,那比例大概是多少？,,,open_question,待确认那比例大概是多少？,,,
R8009_M8018,R8009_M8018_seg0052,221.680,222.390,N_SPK8021,正常的话。,False,none,正常,,,speaker_stance,认为正常,,,
R8009_M8018,R8009_M8018_seg0053,222.600,230.190,N_SPK8022,就是。也就是对半的嘛，就是嗯嗯我们百分之五十，他们百分之五十。,True,partial,高重叠不确定,,,uncertainty,高重叠语音，内容或说话人归属不确定,,,多人同时说话，按项目规则标为不确定
R8009_M8018,R8009_M8018_seg0053,222.600,230.190,N_SPK8021,对半。,True,partial,高重叠不确定,,,uncertainty,高重叠语音，内容或说话人归属不确定,,,多人同时说话，按项目规则标为不确定
R8009_M8018,R8009_M8018_seg0053,222.600,230.190,N_SPK8021,我们现在给他们交多少钱？如果要购买的话。,True,partial,高重叠不确定,,,uncertainty,高重叠语音，内容或说话人归属不确定,,,多人同时说话，按项目规则标为不确定
R8009_M8018,R8009_M8018_seg0054,230.660,241.660,N_SPK8022,购买的话，它，现在，平均的那个薪资是，三千左右。,True,partial,高重叠不确定,,,uncertainty,高重叠语音，内容或说话人归属不确定,,,多人同时说话，按项目规则标为不确定
R8009_M8018,R8009_M8018_seg0054,230.660,241.660,N_SPK8021,嗯,True,partial,高重叠不确定,,,uncertainty,高重叠语音，内容或说话人归属不确定,,,多人同时说话，按项目规则标为不确定
R8009_M8018,R8009_M8018_seg0054,230.660,241.660,N_SPK8022,我们是计划交，总共是百分之十二，然后，我们承担百分之六，他们承担百分之六。,True,partial,高重叠不确定,,,uncertainty,高重叠语音，内容或说话人归属不确定,,,多人同时说话，按项目规则标为不确定
R8009_M8018,R8009_M8018_seg0055,241.930,244.100,N_SPK8021,那就比较高了，对吧？其实可以。,True,partial,高重叠不确定,,,uncertainty,高重叠语音，内容或说话人归属不确定,,,多人同时说话，按项目规则标为不确定
R8009_M8018,R8009_M8018_seg0055,241.930,244.100,N_SPK8022,嗯。,True,partial,高重叠不确定,,,uncertainty,高重叠语音，内容或说话人归属不确定,,,多人同时说话，按项目规则标为不确定
R8009_M8018,R8009_M8018_seg0056,244.530,252.010,N_SPK8022,差不多的话，就是，每个人。,True,partial,高重叠不确定,,,uncertainty,高重叠语音，内容或说话人归属不确定,,,多人同时说话，按项目规则标为不确定
R8009_M8018,R8009_M8018_seg0056,244.530,252.010,N_SPK8021,嗯。,True,partial,高重叠不确定,,,uncertainty,高重叠语音，内容或说话人归属不确定,,,多人同时说话，按项目规则标为不确定
R8009_M8018,R8009_M8018_seg0056,244.530,252.010,N_SPK8022,平均下下来，就是我们跟他们付百一百八十块左右。,True,partial,高重叠不确定,,,uncertainty,高重叠语音，内容或说话人归属不确定,,,多人同时说话，按项目规则标为不确定
R8009_M8018,R8009_M8018_seg0056,244.530,252.010,N_SPK8021,百八十块左右。对吧？,True,partial,高重叠不确定,,,uncertainty,高重叠语音，内容或说话人归属不确定,,,多人同时说话，按项目规则标为不确定
R8009_M8018,R8009_M8018_seg0056,244.530,252.010,N_SPK8022,嗯,True,partial,高重叠不确定,,,uncertainty,高重叠语音，内容或说话人归属不确定,,,多人同时说话，按项目规则标为不确定
R8009_M8018,R8009_M8018_seg0057,252.150,253.130,N_SPK8021,像我们三千块钱。,False,none,像三千块钱,,,speaker_stance,认为像三千块钱,,,
R8009_M8018,R8009_M8018_seg0058,253.540,253.940,N_SPK8022,嗯,False,none,嗯,,,speaker_stance,认为嗯,,,
R8009_M8018,R8009_M8018_seg0059,253.990,255.200,N_SPK8021,还是可以。,False,none,还是可以,,,speaker_stance,认为还是可以,,,
R8009_M8018,R8009_M8018_seg0060,255.200,255.940,N_SPK8021,然后。,False,none,然后。,,,speaker_stance,认为然后,,,
R8009_M8018,R8009_M8018_seg0061,255.940,256.880,N_SPK8021,他们。,False,none,他们,,,speaker_stance,认为他们,,,
R8009_M8018,R8009_M8018_seg0062,256.880,262.780,N_SPK8021,医保这块，他们报账的话需要找我们还是怎样。比如说他有些员工，他去医院看了病之后。,False,none,医保这块，他们报账需要找还是怎样，比...,,,speaker_stance,认为医保这块，他们报账需要找还是怎样，比如说他有些员工，他去医院看了病之后,,,
R8009_M8018,R8009_M8018_seg0063,263.360,266.140,N_SPK8021,需要一些报销是要通过我们报吗？还是？,False,none,需要一些报销是要通过报吗？还是？,确定需要一些报销是要通过报吗？还是？,,decision,确定需要一些报销是要通过报吗？还是？,,,
R8009_M8018,R8009_M8018_seg0064,266.650,269.100,N_SPK8021,呃，通过就是找国家报这块。,False,none,通过就是找国家报这块,确定就是找国家报这块,,decision,确定就是找国家报这块,,,
R8009_M8018,R8009_M8018_seg0065,269.580,271.450,N_SPK8022,这一块的话，他补。嗯,False,none,他补,,,speaker_stance,认为他补,,,
R8009_M8018,R8009_M8018_seg0066,271.450,272.290,N_SPK8022,不找我们。,False,none,不找,,,speaker_stance,认为不找,,,
R8009_M8018,R8009_M8018_seg0067,272.290,276.510,N_SPK8021,不找我们？对。,True,partial,高重叠不确定,,,uncertainty,高重叠语音，内容或说话人归属不确定,,,多人同时说话，按项目规则标为不确定
R8009_M8018,R8009_M8018_seg0067,272.290,276.510,N_SPK8022,这个嗯，因为，这一块是他们到时候自己去那个。,True,partial,高重叠不确定,,,uncertainty,高重叠语音，内容或说话人归属不确定,,,多人同时说话，按项目规则标为不确定
R8009_M8018,R8009_M8018_seg0068,276.510,280.060,N_SPK8022,嗯医院的，那个。去咨询吧，就。,False,none,医院的，去咨询吧，就,,,speaker_stance,认为医院的，去咨询吧，就,,,
R8009_M8018,R8009_M8018_seg0069,280.730,282.450,N_SPK8021,因为现在医院的话，我知道。,False,none,因为现在医院，我知道,,,speaker_stance,认为因为现在医院，我知道,,,
R8009_M8018,R8009_M8018_seg0070,282.450,283.240,N_SPK8021,有些。,False,none,有些,,,speaker_stance,认为有些,,,
R8009_M8018,R8009_M8018_seg0071,283.240,286.920,N_SPK8021,比如说他是自自己购买的话，就是医院直接报销了嘛。然后如果是。,True,partial,高重叠不确定,,,uncertainty,高重叠语音，内容或说话人归属不确定,,,多人同时说话，按项目规则标为不确定
R8009_M8018,R8009_M8018_seg0071,283.240,286.920,N_SPK8022,嗯。,True,partial,高重叠不确定,,,uncertainty,高重叠语音，内容或说话人归属不确定,,,多人同时说话，按项目规则标为不确定
R8009_M8018,R8009_M8018_seg0072,287.980,288.510,N_SPK8021,就是。,False,none,就是,,,speaker_stance,认为就是,,,
R8009_M8018,R8009_M8018_seg0073,288.510,290.410,N_SPK8021,单位代买的好像。,False,none,单位代买的好像,,,speaker_stance,认为单位代买的好像,,,
R8009_M8018,R8009_M8018_seg0074,291.010,294.790,N_SPK8021,好像的话也需要找我们交给资料交给我们对吧？因为。,False,none,好像也需要找交给资料交给对吧？因为,,,speaker_stance,认为好像也需要找交给资料交给对吧？因为,,,
R8009_M8018,R8009_M8018_seg0075,294.790,300.440,N_SPK8021,以后的话可能会有一些女员工，她比如生小孩，这些。,True,partial,高重叠不确定,,,uncertainty,高重叠语音，内容或说话人归属不确定,,,多人同时说话，按项目规则标为不确定
R8009_M8018,R8009_M8018_seg0075,294.790,300.440,N_SPK8022,嗯,True,partial,高重叠不确定,,,uncertainty,高重叠语音，内容或说话人归属不确定,,,多人同时说话，按项目规则标为不确定
R8009_M8018,R8009_M8018_seg0075,294.790,300.440,N_SPK8021,我觉得需要可以前期去了解一下。,True,partial,高重叠不确定,,,uncertainty,高重叠语音，内容或说话人归属不确定,,,多人同时说话，按项目规则标为不确定
R8009_M8018,R8009_M8018_seg0076,300.570,308.580,N_SPK8022,嗯对这个的话，这现在目前我们，因为刚刚开始嘛，还不是特别了解，后面，后期我们会去再去了解一下。,False,none,对，这现在目前，因为刚刚开始嘛，还不...,,,topic_transition,讨论对，这现在目前，因为刚刚开始嘛，还不是特别了解，后面，后期会去再去了解,,,
R8009_M8018,R8009_M8018_seg0077,308.580,310.820,N_SPK8022,他具体是。那个怎么。,False,none,他具体是，怎么,,,speaker_stance,认为他具体是，怎么,,,
R8009_M8018,R8009_M8018_seg0078,311.590,313.370,N_SPK8021,那现在五险主要是他。,False,none,那现在五险主要是他,,,speaker_stance,认为那现在五险主要是他,,,
R8009_M8018,R8009_M8018_seg0079,313.370,314.810,N_SPK8021,就是比如说养老。,False,none,就是比如说养老,,,speaker_stance,认为就是比如说养老,,,
R8009_M8018,R8009_M8018_seg0080,314.810,316.760,N_SPK8021,失业这块的话，它是。,False,none,失业这块，它是,,,speaker_stance,认为失业这块，它是,,,
R8009_M8018,R8009_M8018_seg0081,316.760,318.390,N_SPK8021,主要他是什么东西？,False,none,主要他是什么东西？,,,open_question,待确认主要他是什么东西？,,,
R8009_M8018,R8009_M8018_seg0082,318.390,319.230,N_SPK8021,就是里面他。,False,none,就是里面他,,,speaker_stance,认为就是里面他,,,
R8009_M8018,R8009_M8018_seg0083,319.870,321.810,N_SPK8021,主要是涵盖了什么东西，里面。,False,none,主要是涵盖了什么东西，里面,,,speaker_stance,认为主要是涵盖了什么东西，里面,,,
R8009_M8018,R8009_M8018_seg0084,324.360,326.160,N_SPK8021,养老的话，我知道可能是那个。,False,none,养老，我知道可能是,,,speaker_stance,认为养老，我知道可能是,,,
R8009_M8018,R8009_M8018_seg0085,326.950,330.670,N_SPK8021,比如说他以后退休了之后，就说买够多少年就。,False,none,比如说他以后退休了之后，就说买够多少...,,,speaker_stance,认为比如说他以后退休了之后，就说买够多少年就,,,
R8009_M8018,R8009_M8018_seg0086,330.670,331.410,N_SPK8021,就是。,False,none,就是,,,speaker_stance,认为就是,,,
R8009_M8018,R8009_M8018_seg0087,332.020,335.380,N_SPK8021,我们就就是国家就可以给给予他比例的一些。,False,none,就就是国家就可以给给予他比例的一些,,,speaker_stance,认为就就是国家就可以给给予他比例的一些,,,
R8009_M8018,R8009_M8018_seg0088,335.950,337.340,N_SPK8021,赔付就是。,False,none,赔付就是,,,speaker_stance,认为赔付就是,,,
R8009_M8018,R8009_M8018_seg0089,337.340,338.750,N_SPK8021,这方面东西，然后。,False,none,这方面东西,,,speaker_stance,认为这方面东西,,,
R8009_M8018,R8009_M8018_seg0090,338.750,344.330,N_SPK8021,工伤的话是怎么样个性质，工伤还有，比如说我们有些员工，他自己买也买有。,False,none,工伤是怎么样个性质，工伤还有，比如说...,,,speaker_stance,认为工伤是怎么样个性质，工伤还有，比如说有些员工，他自己买也买有,,,
R8009_M8018,R8009_M8018_seg0091,344.330,346.060,N_SPK8021,买了一些社会型的保险。,False,none,买了一些社会型的保险,,,speaker_stance,认为买了一些社会型的保险,,,
R8009_M8018,R8009_M8018_seg0092,346.060,347.480,N_SPK8021,他跟这个。,True,partial,高重叠不确定,,,uncertainty,高重叠语音，内容或说话人归属不确定,,,多人同时说话，按项目规则标为不确定
R8009_M8018,R8009_M8018_seg0092,346.060,347.480,N_SPK8022,嗯,True,partial,高重叠不确定,,,uncertainty,高重叠语音，内容或说话人归属不确定,,,多人同时说话，按项目规则标为不确定
R8009_M8018,R8009_M8018_seg0093,347.480,348.350,N_SPK8021,会有那种。,False,none,会有那种,,,speaker_stance,认为会有那种,,,
R8009_M8018,R8009_M8018_seg0094,349.540,351.180,N_SPK8021,冲突吗？或者这跟这个。,False,none,冲突吗？或者这跟,,,speaker_stance,认为冲突吗？或者这跟,,,
R8009_M8018,R8009_M8018_seg0095,351.670,356.820,N_SPK8022,这个是，不冲突的吧，那个，工伤的话是，他平时在上班的时候。,False,none,是，不冲突的吧，工伤是，他平时在上班...,,,speaker_stance,认为是，不冲突的吧，工伤是，他平时在上班的时候,,,
R8009_M8018,R8009_M8018_seg0096,356.820,357.920,N_SPK8022,就是说。,False,none,就是说。,,,speaker_stance,认为就是说,,,
R8009_M8018,R8009_M8018_seg0097,357.920,363.130,N_SPK8022,如果发生了什么意外的话，这个是，我们公司要去跟他报销的一个险种。,False,none,如果发生了什么意外，是，公司要去跟他...,,,speaker_stance,认为如果发生了什么意外，是，公司要去跟他报销的一个险种,,,
R8009_M8018,R8009_M8018_seg0098,363.970,366.830,N_SPK8021,那失业这块了？因为我现在了解到很多失业。,False,none,那失业这块了？因为我现在了解到很多失...,,,speaker_stance,认为那失业这块了？因为我现在了解到很多失业,,,
R8009_M8018,R8009_M8018_seg0099,367.380,370.890,N_SPK8021,就是员工，他找工作之间的失业金是。,False,none,就是员工，他找工作之间的失业金是,,,speaker_stance,认为就是员工，他找工作之间的失业金是,,,
R8009_M8018,R8009_M8018_seg0100,370.890,373.140,N_SPK8021,不容易领的是怎样的一个情况？,False,none,不容易领的是怎样的一个情况？,,,open_question,待确认不容易领的是怎样的一个情况？,,,
R8009_M8018,R8009_M8018_seg0101,374.330,377.370,N_SPK8022,失业金。这块儿我还要那个。,False,none,失业金，这块儿我还要,,,speaker_stance,认为失业金，这块儿我还要,,,
R8009_M8018,R8009_M8018_seg0102,379.570,385.830,N_SPK8021,然后去看一看，对吧？,True,partial,高重叠不确定,,,uncertainty,高重叠语音，内容或说话人归属不确定,,,多人同时说话，按项目规则标为不确定
R8009_M8018,R8009_M8018_seg0102,379.570,385.830,N_SPK8022,我，我可能需要去，了解一下。嗯因为目前还不是很了解那个领取的，条件。,True,partial,高重叠不确定,,,uncertainty,高重叠语音，内容或说话人归属不确定,,,多人同时说话，按项目规则标为不确定
R8009_M8018,R8009_M8018_seg0102,379.570,385.830,N_SPK8021,因为，嗯。,True,partial,高重叠不确定,,,uncertainty,高重叠语音，内容或说话人归属不确定,,,多人同时说话，按项目规则标为不确定
R8009_M8018,R8009_M8018_seg0103,385.870,391.800,N_SPK8021,嗯因为我们现在的才正式我们这个企业才正式成立不久吗？然后需要给。,True,partial,高重叠不确定,,,uncertainty,高重叠语音，内容或说话人归属不确定,,,多人同时说话，按项目规则标为不确定
R8009_M8018,R8009_M8018_seg0103,385.870,391.800,N_SPK8022,嗯,True,partial,高重叠不确定,,,uncertainty,高重叠语音，内容或说话人归属不确定,,,多人同时说话，按项目规则标为不确定
R8009_M8018,R8009_M8018_seg0104,392.260,394.530,N_SPK8021,员工去做些东西，然后我也希望。,False,none,员工去做些东西，我也希望,,,speaker_stance,认为员工去做些东西，我也希望,,,
R8009_M8018,R8009_M8018_seg0105,395.660,398.680,N_SPK8021,就是一些保障的话，给他们更好的保障这块。,False,none,就是一些保障，给他们更好的保障这块,,,speaker_stance,认为就是一些保障，给他们更好的保障这块,,,
R8009_M8018,R8009_M8018_seg0106,398.980,404.000,N_SPK8022,嗯对就是因为因为就是我们也需要去，多去了解，然后，后面后期。,False,none,对就是因为因为就是也需要去，多去了解...,,,speaker_stance,认为对就是因为因为就是也需要去，多去了解，后面后期,,,
R8009_M8018,R8009_M8018_seg0107,404.000,406.370,N_SPK8022,需要跟他们办理的时候，可能就会。,False,none,需要跟他们办理的时候，可能就会,,,speaker_stance,认为需要跟他们办理的时候，可能就会,,,
R8009_M8018,R8009_M8018_seg0108,406.370,408.130,N_SPK8022,也就，更加顺畅一些嘛。,False,none,也就，更加顺畅一些嘛,,,speaker_stance,认为也就，更加顺畅一些嘛,,,
R8009_M8018,R8009_M8018_seg0109,408.550,411.430,N_SPK8021,那像我们这边本地的话就是。,False,none,那像这边本地就是,,,speaker_stance,认为那像这边本地就是,,,
R8009_M8018,R8009_M8018_seg0110,411.430,414.200,N_SPK8021,女员工的产假大概是多多少天？现在是啊？,False,none,女员工的产假大概是多多少天？现在是？,,,open_question,待确认女员工的产假大概是多多少天？现在是？,,,
R8009_M8018,R8009_M8018_seg0111,414.580,417.230,N_SPK8022,产假，目前是，定。,False,none,产假，目前是，定,,,speaker_stance,认为产假，目前是，定,,,
R8009_M8018,R8009_M8018_seg0112,417.230,420.300,N_SPK8022,就是按，这个还是按照国家的，那个一个。,False,none,就是按，还是按照国家的，一个,,,speaker_stance,认为就是按，还是按照国家的，一个,,,
R8009_M8018,R8009_M8018_seg0113,420.810,422.480,N_SPK8022,嗯嗯标准吧。,False,none,标准吧,,,speaker_stance,认为标准吧,,,
R8009_M8018,R8009_M8018_seg0114,422.480,426.230,N_SPK8022,就是。,True,partial,高重叠不确定,,,uncertainty,高重叠语音，内容或说话人归属不确定,,,多人同时说话，按项目规则标为不确定
R8009_M8018,R8009_M8018_seg0114,422.480,426.230,N_SPK8021,我看现在好像是看了一下，好像是一百五十天左右，对吧？,True,partial,高重叠不确定,,,uncertainty,高重叠语音，内容或说话人归属不确定,,,多人同时说话，按项目规则标为不确定
R8009_M8018,R8009_M8018_seg0114,422.480,426.230,N_SPK8022,嗯,True,partial,高重叠不确定,,,uncertainty,高重叠语音，内容或说话人归属不确定,,,多人同时说话，按项目规则标为不确定
R8009_M8018,R8009_M8018_seg0115,426.230,427.930,N_SPK8021,然后这用一百五十天的话，我们。,False,none,这用一百五十天,,,speaker_stance,认为这用一百五十天,,,
R8009_M8018,R8009_M8018_seg0116,428.560,430.640,N_SPK8021,还是需要给他们付基本工资的？对吧？,False,none,还是需要给他们付基本工资的？对吧？,,,open_question,待确认还是需要给他们付基本工资的？对吧？,,,
R8009_M8018,R8009_M8018_seg0117,431.140,435.880,N_SPK8022,对，就是，基本工资的话，我们是要付的，就是那个，提成的话就。,True,partial,高重叠不确定,,,uncertainty,高重叠语音，内容或说话人归属不确定,,,多人同时说话，按项目规则标为不确定
R8009_M8018,R8009_M8018_seg0117,431.140,435.880,N_SPK8021,嗯,True,partial,高重叠不确定,,,uncertainty,高重叠语音，内容或说话人归属不确定,,,多人同时说话，按项目规则标为不确定
R8009_M8018,R8009_M8018_seg0118,435.880,436.650,N_SPK8022,没有嘛。,False,none,没有嘛,,,speaker_stance,认为没有嘛,,,
R8009_M8018,R8009_M8018_seg0119,436.690,439.830,N_SPK8021,基本工资还是要付。,True,partial,高重叠不确定,,,uncertainty,高重叠语音，内容或说话人归属不确定,,,多人同时说话，按项目规则标为不确定
R8009_M8018,R8009_M8018_seg0119,436.690,439.830,N_SPK8022,嗯基本工资是我们是要必须付的。,True,partial,高重叠不确定,,,uncertainty,高重叠语音，内容或说话人归属不确定,,,多人同时说话，按项目规则标为不确定
R8009_M8018,R8009_M8018_seg0120,440.050,442.700,N_SPK8021,他那个男员工还要陪产假现在是多少天？,False,none,他男员工还要陪产假现在是多少天？,,,open_question,待确认他男员工还要陪产假现在是多少天？,,,
R8009_M8018,R8009_M8018_seg0121,444.620,446.270,N_SPK8022,陪产假是。,False,none,陪产假是,,,speaker_stance,认为陪产假是,,,
R8009_M8018,R8009_M8018_seg0122,447.420,450.490,N_SPK8022,五十一还是六个呃六。,False,none,五十一还是六个六,,,speaker_stance,认为五十一还是六个六,,,
R8009_M8018,R8009_M8018_seg0123,452.040,453.660,N_SPK8021,十五天是不是啊？现在那个。,False,none,十五天是不是？现在,,,disagreement,存在分歧十五天是不是？现在,,,
R8009_M8018,R8009_M8018_seg0124,453.990,455.330,N_SPK8022,哦哎，对对对。,False,none,哦哎，对对对,,,speaker_stance,认为哦哎，对对对,,,
R8009_M8018,R8009_M8018_seg0125,455.980,458.500,N_SPK8021,啊，这个比如说现在生二胎的话，应该。,True,partial,高重叠不确定,,,uncertainty,高重叠语音，内容或说话人归属不确定,,,多人同时说话，按项目规则标为不确定
R8009_M8018,R8009_M8018_seg0125,455.980,458.500,N_SPK8022,嗯,True,partial,高重叠不确定,,,uncertainty,高重叠语音，内容或说话人归属不确定,,,多人同时说话，按项目规则标为不确定
R8009_M8018,R8009_M8018_seg0126,458.500,461.820,N_SPK8021,跟之一胎一二胎应该是一样的吧，应该是。,False,none,跟之一胎一二胎应该是一样的吧，应该是,,,speaker_stance,认为跟之一胎一二胎应该是一样的吧，应该是,,,
R8009_M8018,R8009_M8018_seg0127,461.820,463.700,N_SPK8021,说他有个女员工生的。,False,none,说他有个女员工生的,,,speaker_stance,认为说他有个女员工生的,,,
R8009_M8018,R8009_M8018_seg0128,464.470,467.710,N_SPK8021,二胎的话，他的产假应该也是一百多天，对吧？,False,none,二胎，他的产假应该也是一百多天，对吧...,,,open_question,待确认二胎，他的产假应该也是一百多天，对吧？,,,
R8009_M8018,R8009_M8018_seg0129,468.060,468.880,N_SPK8022,嗯对对对。,False,none,对对对,,,speaker_stance,认为对对对,,,
R8009_M8018,R8009_M8018_seg0130,469.120,471.880,N_SPK8021,那这个的话其实对我们公司的话还是。,False,none,那对公司还是,,,speaker_stance,认为那对公司还是,,,
R8009_M8018,R8009_M8018_seg0131,471.880,473.440,N_SPK8021,说实话，还是不是很。,False,none,说实话，还是不是很,,,disagreement,存在分歧说实话，还是不是很,,,
R8009_M8018,R8009_M8018_seg0132,473.440,474.160,N_SPK8021,那种对吗？,False,none,那种对吗？,,,open_question,待确认那种对吗？,,,
R8009_M8018,R8009_M8018_seg0133,474.790,479.770,N_SPK8022,但是这个是嗯就是，也是男人，避免很避免的一个问题嘛。,False,none,但是是就是，也是男人，避免很避免的一...,,,speaker_stance,认为但是是就是，也是男人，避免很避免的一个问题嘛,,,
R8009_M8018,R8009_M8018_seg0134,480.310,485.970,N_SPK8021,哦，这样对吧。,True,partial,高重叠不确定,,,uncertainty,高重叠语音，内容或说话人归属不确定,,,多人同时说话，按项目规则标为不确定
R8009_M8018,R8009_M8018_seg0134,480.310,485.970,N_SPK8022,毕竟像，这种。生育也不是，也不是说特别多，也就那么一两次哈。,True,partial,高重叠不确定,,,uncertainty,高重叠语音，内容或说话人归属不确定,,,多人同时说话，按项目规则标为不确定
R8009_M8018,R8009_M8018_seg0135,486.040,487.100,N_SPK8021,对对对对。,True,partial,高重叠不确定,,,uncertainty,高重叠语音，内容或说话人归属不确定,,,多人同时说话，按项目规则标为不确定
R8009_M8018,R8009_M8018_seg0135,486.040,487.100,N_SPK8022,嗯。,True,partial,高重叠不确定,,,uncertainty,高重叠语音，内容或说话人归属不确定,,,多人同时说话，按项目规则标为不确定
R8009_M8018,R8009_M8018_seg0136,487.450,491.800,N_SPK8021,现在我们现在招的员工比例里面男生多一点还是女生会多一点？,False,none,现在现在招的员工比例里面男生多一点还...,,,open_question,待确认现在现在招的员工比例里面男生多一点还是女生会多一点？,,,
R8009_M8018,R8009_M8018_seg0137,492.570,502.650,N_SPK8022,嗯目前的话，男生是在十七人左右。,True,partial,高重叠不确定,,,uncertainty,高重叠语音，内容或说话人归属不确定,,,多人同时说话，按项目规则标为不确定
R8009_M8018,R8009_M8018_seg0137,492.570,502.650,N_SPK8021,嗯嗯嗯,True,partial,高重叠不确定,,,uncertainty,高重叠语音，内容或说话人归属不确定,,,多人同时说话，按项目规则标为不确定
R8009_M8018,R8009_M8018_seg0137,492.570,502.650,N_SPK8022,嗯女生应该也就十一。个左右，差不多吧。,True,partial,高重叠不确定,,,uncertainty,高重叠语音，内容或说话人归属不确定,,,多人同时说话，按项目规则标为不确定
R8009_M8018,R8009_M8018_seg0137,492.570,502.650,N_SPK8021,大概的年龄年龄年龄阶段是在多大啊？,True,partial,高重叠不确定,,,uncertainty,高重叠语音，内容或说话人归属不确定,,,多人同时说话，按项目规则标为不确定
R8009_M8018,R8009_M8018_seg0137,492.570,502.650,N_SPK8022,可能还是，男生要多些。,True,partial,高重叠不确定,,,uncertainty,高重叠语音，内容或说话人归属不确定,,,多人同时说话，按项目规则标为不确定
R8009_M8018,R8009_M8018_seg0138,502.960,510.690,N_SPK8022,年龄阶段，就是，三十到四十五之间。,True,partial,高重叠不确定,,,uncertainty,高重叠语音，内容或说话人归属不确定,,,多人同时说话，按项目规则标为不确定
R8009_M8018,R8009_M8018_seg0138,502.960,510.690,N_SPK8021,哦那像对这个他们其实过来的话，更多需要一个稳定的机会。,True,partial,高重叠不确定,,,uncertainty,高重叠语音，内容或说话人归属不确定,,,多人同时说话，按项目规则标为不确定
R8009_M8018,R8009_M8018_seg0139,510.690,511.820,N_SPK8021,我的工作，然后。,True,partial,高重叠不确定,,,uncertainty,高重叠语音，内容或说话人归属不确定,,,多人同时说话，按项目规则标为不确定
R8009_M8018,R8009_M8018_seg0139,510.690,511.820,N_SPK8022,嗯对,True,partial,高重叠不确定,,,uncertainty,高重叠语音，内容或说话人归属不确定,,,多人同时说话，按项目规则标为不确定
R8009_M8018,R8009_M8018_seg0140,512.830,515.420,N_SPK8021,然后可能对生育这块的话，可能。,False,none,可能对生育这块，可能,,,speaker_stance,认为可能对生育这块，可能,,,
R8009_M8018,R8009_M8018_seg0141,515.420,517.340,N_SPK8021,会少一点可能二胎会比较多。,False,none,会少一点可能二胎会比较多,,,speaker_stance,认为会少一点可能二胎会比较多,,,
R8009_M8018,R8009_M8018_seg0142,517.560,518.200,N_SPK8022,嗯对,False,none,对,,,speaker_stance,认为对,,,
R8009_M8018,R8009_M8018_seg0143,521.830,523.360,N_SPK8021,唉，那他们知不知道。,False,none,唉，那他们知不知道,,,speaker_stance,认为唉，那他们知不知道,,,
R8009_M8018,R8009_M8018_seg0144,523.360,525.760,N_SPK8021,这些怎么用啊？就比如说他们怎么去。,False,none,这些怎么用？就比如说他们怎么去,,,speaker_stance,认为这些怎么用？就比如说他们怎么去,,,
R8009_M8018,R8009_M8018_seg0145,526.290,528.500,N_SPK8021,查询他们每个月缴费比例。,False,none,查询他们每个月缴费比例,,,speaker_stance,认为查询他们每个月缴费比例,,,
R8009_M8018,R8009_M8018_seg0146,528.500,532.650,N_SPK8021,然后公积金的缴费比例一些用途，其实我觉得你可以。,False,none,公积金的缴费比例一些用途，你可以,,,speaker_stance,认为公积金的缴费比例一些用途，你可以,,,
R8009_M8018,R8009_M8018_seg0147,533.230,536.130,N_SPK8021,下来给他们组织一个比如新员工培训。,False,none,下来给他们组织一个比如新员工培训,,,speaker_stance,认为下来给他们组织一个比如新员工培训,,,
R8009_M8018,R8009_M8018_seg0148,536.130,539.660,N_SPK8021,给他们告诉他们，像比如说我们公积金社保医保。,False,none,给他们告诉他们，像比如说公积金社保医...,,,speaker_stance,认为给他们告诉他们，像比如说公积金社保医保,,,
R8009_M8018,R8009_M8018_seg0149,539.660,540.650,N_SPK8021,如何查询。,False,none,如何查询,,,speaker_stance,认为如何查询,,,
R8009_M8018,R8009_M8018_seg0150,540.830,541.100,N_SPK8022,嗯,False,none,嗯,,,speaker_stance,认为嗯,,,
R8009_M8018,R8009_M8018_seg0151,541.310,546.630,N_SPK8021,然后让他们知道，就是让他们心里有个数，至至少让他们知道我们公司给他们交了。,False,none,让他们知道，就是让他们心里有个数，至...,,,speaker_stance,认为让他们知道，就是让他们心里有个数，至至少让他们知道公司给他们交了,,,
R8009_M8018,R8009_M8018_seg0152,547.180,550.040,N_SPK8021,然后怎么去查询怎么去使用，还是我觉得还。,False,none,怎么去查询怎么去使用，还是还,,,speaker_stance,认为怎么去查询怎么去使用，还是还,,,
R8009_M8018,R8009_M8018_seg0153,550.040,553.620,N_SPK8021,给他们做一个简单的一个培训和介绍，我觉得是这个还是有必要的。,False,none,给他们做一个简单的一个培训和介绍，是...,,,speaker_stance,认为给他们做一个简单的一个培训和介绍，是还是有必要的,,,
R8009_M8018,R8009_M8018_seg0154,554.010,562.250,N_SPK8022,对，这个的话，他们是，肯定嘛，因为员工他肯定每个月还是必须要查付我们有到底有没有跟他缴付，有没有跟他买购买。,True,partial,高重叠不确定,,,uncertainty,高重叠语音，内容或说话人归属不确定,,,多人同时说话，按项目规则标为不确定
R8009_M8018,R8009_M8018_seg0154,554.010,562.250,N_SPK8021,嗯嗯。,True,partial,高重叠不确定,,,uncertainty,高重叠语音，内容或说话人归属不确定,,,多人同时说话，按项目规则标为不确定
R8009_M8018,R8009_M8018_seg0155,562.250,579.900,N_SPK8022,他是可以在那个，支付。,True,partial,高重叠不确定,,,uncertainty,高重叠语音，内容或说话人归属不确定,,,多人同时说话，按项目规则标为不确定
R8009_M8018,R8009_M8018_seg0155,562.250,579.900,N_SPK8021,现在是不是可以手机上查这个。,True,partial,高重叠不确定,,,uncertainty,高重叠语音，内容或说话人归属不确定,,,多人同时说话，按项目规则标为不确定
R8009_M8018,R8009_M8018_seg0155,562.250,579.900,N_SPK8022,对对对对，就那个支付宝或者是天府市民云都是可以查到的，就我们跟他缴付的那个详细明细，他都是可以在上面，嗯。,True,partial,高重叠不确定,,,uncertainty,高重叠语音，内容或说话人归属不确定,,,多人同时说话，按项目规则标为不确定
R8009_M8018,R8009_M8018_seg0155,562.250,579.900,N_SPK8021,嗯,True,partial,高重叠不确定,,,uncertainty,高重叠语音，内容或说话人归属不确定,,,多人同时说话，按项目规则标为不确定
R8009_M8018,R8009_M8018_seg0155,562.250,579.900,N_SPK8021,嗯但是可能他们年那些年龄比较大的员工，可能在对这块的话可能就了解比较少对吧，就手机APP的一个使用这块。,True,partial,高重叠不确定,,,uncertainty,高重叠语音，内容或说话人归属不确定,,,多人同时说话，按项目规则标为不确定
R8009_M8018,R8009_M8018_seg0155,562.250,579.900,N_SPK8022,嗯,True,partial,高重叠不确定,,,uncertainty,高重叠语音，内容或说话人归属不确定,,,多人同时说话，按项目规则标为不确定
R8009_M8018,R8009_M8018_seg0156,580.080,588.760,N_SPK8022,到时候就方便就是，嗯我们都会告知他们的，就是每个月查询我们单位有没有为他们购买的话，他们需要到哪里去查询我们,True,partial,高重叠不确定,,,uncertainty,高重叠语音，内容或说话人归属不确定,,,多人同时说话，按项目规则标为不确定
R8009_M8018,R8009_M8018_seg0156,580.080,588.760,N_SPK8021,嗯,True,partial,高重叠不确定,,,uncertainty,高重叠语音，内容或说话人归属不确定,,,多人同时说话，按项目规则标为不确定
R8009_M8018,R8009_M8018_seg0157,588.760,591.790,N_SPK8022,就是，到时候开员工会的时候，会跟他们说一下。,False,none,就是，到时候开员工会的时候，会跟他们...,,,topic_transition,讨论就是，到时候开员工会的时候，会跟他们说,,,
R8009_M8018,R8009_M8018_seg0158,593.230,594.610,N_SPK8021,用途了，比如说。,False,none,用途了，比如说,,,speaker_stance,认为用途了，比如说,,,
R8009_M8018,R8009_M8018_seg0159,594.610,597.230,N_SPK8021,现在社保卡的话，比如说我。,False,none,现在社保卡，比如说我,,,speaker_stance,认为现在社保卡，比如说我,,,
R8009_M8018,R8009_M8018_seg0160,597.230,598.310,N_SPK8021,比如我家里面。,False,none,比如我家里面,,,speaker_stance,认为比如我家里面,,,
R8009_M8018,R8009_M8018_seg0161,598.840,601.720,N_SPK8021,我的老婆没有社保，我有社保。,False,none,我的老婆没有社保，我有社保,,,speaker_stance,认为我的老婆没有社保，我有社保,,,
R8009_M8018,R8009_M8018_seg0162,601.720,604.990,N_SPK8021,这块的话，比如说她生孩子的话，生育啊。,False,none,这块，比如说她生孩子，生育,,,speaker_stance,认为这块，比如说她生孩子，生育,,,
R8009_M8018,R8009_M8018_seg0163,605.820,608.980,N_SPK8021,医就医疗跟生育这块可不可以互通？现在。,False,none,医就医疗跟生育这块可不可以互通？现在,,,speaker_stance,认为医就医疗跟生育这块可不可以互通？现在,,,
R8009_M8018,R8009_M8018_seg0164,608.980,609.970,N_SPK8021,这块有没有。,True,full,高重叠不确定,,,uncertainty,高重叠语音，内容或说话人归属不确定,,,多人同时说话，按项目规则标为不确定
R8009_M8018,R8009_M8018_seg0164,608.980,609.970,N_SPK8022,其实。,True,full,高重叠不确定,,,uncertainty,高重叠语音，内容或说话人归属不确定,,,多人同时说话，按项目规则标为不确定
R8009_M8018,R8009_M8018_seg0165,609.970,624.000,N_SPK8022,因为你是购买的了那个五险一金的嘛，这个生育基金的话，其实也就包括，你的家属了。,True,partial,高重叠不确定,,,uncertainty,高重叠语音，内容或说话人归属不确定,,,多人同时说话，按项目规则标为不确定
R8009_M8018,R8009_M8018_seg0165,609.970,624.000,N_SPK8021,嗯，对对。,True,partial,高重叠不确定,,,uncertainty,高重叠语音，内容或说话人归属不确定,,,多人同时说话，按项目规则标为不确定
R8009_M8018,R8009_M8018_seg0165,609.970,624.000,N_SPK8021,哦这样的对吧。,True,partial,高重叠不确定,,,uncertainty,高重叠语音，内容或说话人归属不确定,,,多人同时说话，按项目规则标为不确定
R8009_M8018,R8009_M8018_seg0165,609.970,624.000,N_SPK8022,到时候它是，它也是可以报销的。就你家属。,True,partial,高重叠不确定,,,uncertainty,高重叠语音，内容或说话人归属不确定,,,多人同时说话，按项目规则标为不确定
R8009_M8018,R8009_M8018_seg0165,609.970,624.000,N_SPK8021,那现在比如说他去医院看门诊，他拿家属的卡也可以去刷，对吧？,True,partial,高重叠不确定,,,uncertainty,高重叠语音，内容或说话人归属不确定,,,多人同时说话，按项目规则标为不确定
R8009_M8018,R8009_M8018_seg0166,626.490,627.880,N_SPK8022,这个，暂时还。,False,none,暂时还,,,speaker_stance,认为暂时还,,,
R8009_M8018,R8009_M8018_seg0167,628.770,635.870,N_SPK8022,嗯好，目前应该是可以的，听说是可以的。然后到时候再想想嗯。,True,partial,高重叠不确定,,,uncertainty,高重叠语音，内容或说话人归属不确定,,,多人同时说话，按项目规则标为不确定
R8009_M8018,R8009_M8018_seg0167,628.770,635.870,N_SPK8021,那这样的话其实就可以解决他们家里面的一些问题。,True,partial,高重叠不确定,,,uncertainty,高重叠语音，内容或说话人归属不确定,,,多人同时说话，按项目规则标为不确定
R8009_M8018,R8009_M8018_seg0168,636.970,637.700,N_SPK8021,那我们。,False,none,那,,,speaker_stance,认为那,,,
R8009_M8018,R8009_M8018_seg0169,637.700,640.910,N_SPK8021,我看一其他的一些大型的，其实像那种。,False,none,我看一其他的一些大型的，像那种,,,speaker_stance,认为我看一其他的一些大型的，像那种,,,
R8009_M8018,R8009_M8018_seg0170,640.910,644.080,N_SPK8021,大的超市像那种沃尔玛或者是这种家乐福。,False,none,大的超市像那种沃尔玛或者是这种家乐福,,,speaker_stance,认为大的超市像那种沃尔玛或者是这种家乐福,,,
R8009_M8018,R8009_M8018_seg0171,644.080,645.540,N_SPK8021,他们还会给员工。,False,none,他们还会给员工,,,speaker_stance,认为他们还会给员工,,,
R8009_M8018,R8009_M8018_seg0172,645.540,649.020,N_SPK8021,购买的这种商业保险，这这个划算嘛？现在你了解过吗？,False,none,购买的这种商业保险，这划算嘛？现在你...,,,open_question,待确认购买的这种商业保险，这划算嘛？现在你了解过吗？,,,
R8009_M8018,R8009_M8018_seg0173,649.510,651.390,N_SPK8021,就是比如说一些意外险这块。,False,none,就是比如说一些意外险这块,,,speaker_stance,认为就是比如说一些意外险这块,,,
R8009_M8018,R8009_M8018_seg0174,652.270,659.240,N_SPK8022,我觉得这个的话，就，我们可以就是平时开会的时候，跟他们就是去沟通一下。,True,partial,高重叠不确定,,,uncertainty,高重叠语音，内容或说话人归属不确定,,,多人同时说话，按项目规则标为不确定
R8009_M8018,R8009_M8018_seg0174,652.270,659.240,N_SPK8021,嗯,True,partial,高重叠不确定,,,uncertainty,高重叠语音，内容或说话人归属不确定,,,多人同时说话，按项目规则标为不确定
R8009_M8018,R8009_M8018_seg0175,659.240,662.950,N_SPK8022,看他们自己，自身有没有这个需求，商业险。,True,partial,高重叠不确定,,,uncertainty,高重叠语音，内容或说话人归属不确定,,,多人同时说话，按项目规则标为不确定
R8009_M8018,R8009_M8018_seg0175,659.240,662.950,N_SPK8021,嗯嗯嗯,True,partial,高重叠不确定,,,uncertainty,高重叠语音，内容或说话人归属不确定,,,多人同时说话，按项目规则标为不确定
R8009_M8018,R8009_M8018_seg0176,663.000,668.700,N_SPK8022,因为在我们的那个五险里面。也其中就包括了有那个工伤险的,False,none,因为在的五险里面，也其中就包括了有工...,,,speaker_stance,认为因为在的五险里面，也其中就包括了有工伤险的,,,
R8009_M8018,R8009_M8018_seg0177,669.430,674.250,N_SPK8021,工伤险对吧。,True,partial,高重叠不确定,,,uncertainty,高重叠语音，内容或说话人归属不确定,,,多人同时说话，按项目规则标为不确定
R8009_M8018,R8009_M8018_seg0177,669.430,674.250,N_SPK8022,呃，对，然后他的意外险的话，还是，就建议他们就是他们自己。,True,partial,高重叠不确定,,,uncertainty,高重叠语音，内容或说话人归属不确定,,,多人同时说话，按项目规则标为不确定
R8009_M8018,R8009_M8018_seg0178,674.250,677.380,N_SPK8022,由他们自己去买吧，因为商业险，这个的话。,False,none,由他们自己去买吧，因为商业险,,,speaker_stance,认为由他们自己去买吧，因为商业险,,,
R8009_M8018,R8009_M8018_seg0179,677.380,679.700,N_SPK8022,确实也会跟公司，就是。,False,none,确实也会跟公司，就是,,,speaker_stance,认为确实也会跟公司，就是,,,
R8009_M8018,R8009_M8018_seg0180,679.700,681.430,N_SPK8022,增加一定的那个开支嘛。,False,none,增加一定的开支嘛,,,speaker_stance,认为增加一定的开支嘛,,,
R8009_M8018,R8009_M8018_seg0181,682.550,686.430,N_SPK8022,嗯，也不是太必要。,True,partial,高重叠不确定,,,uncertainty,高重叠语音，内容或说话人归属不确定,,,多人同时说话，按项目规则标为不确定
R8009_M8018,R8009_M8018_seg0181,682.550,686.430,N_SPK8021,现在我们现在新新招四十人。,True,partial,高重叠不确定,,,uncertainty,高重叠语音，内容或说话人归属不确定,,,多人同时说话，按项目规则标为不确定
R8009_M8018,R8009_M8018_seg0182,686.430,689.150,N_SPK8021,确实人还是比较多，因为我们现在其实。,True,partial,高重叠不确定,,,uncertainty,高重叠语音，内容或说话人归属不确定,,,多人同时说话，按项目规则标为不确定
R8009_M8018,R8009_M8018_seg0182,686.430,689.150,N_SPK8022,嗯,True,partial,高重叠不确定,,,uncertainty,高重叠语音，内容或说话人归属不确定,,,多人同时说话，按项目规则标为不确定
R8009_M8018,R8009_M8018_seg0183,689.150,692.460,N_SPK8021,我们的老总的话，也想把公司做的更正规一点。,False,none,的老总，也想把公司做的更正规一点,,,speaker_stance,认为的老总，也想把公司做的更正规一点,,,
R8009_M8018,R8009_M8018_seg0184,692.600,693.000,N_SPK8022,嗯,False,none,嗯,,,speaker_stance,认为嗯,,,
R8009_M8018,R8009_M8018_seg0185,693.030,696.500,N_SPK8021,更好一点还是想给员工之后的一些后顾之忧，解决。,False,none,更好一点还是想给员工之后的一些后顾之...,,,speaker_stance,认为更好一点还是想给员工之后的一些后顾之忧，解决,,,
R8009_M8018,R8009_M8018_seg0186,696.840,697.120,N_SPK8022,嗯,False,none,嗯,,,speaker_stance,认为嗯,,,
R8009_M8018,R8009_M8018_seg0187,698.980,703.870,N_SPK8021,然后，然后他比如他的一个医保的社保的话，比如他。,False,none,他比如他的一个医保的社保，比如他,,,speaker_stance,认为他比如他的一个医保的社保，比如他,,,
R8009_M8018,R8009_M8018_seg0188,703.870,711.170,N_SPK8021,他现在成都公司工作嘛，然后以后她比如去重庆，或者去其他省外的地方，它这个互通的还是可以。,True,partial,高重叠不确定,,,uncertainty,高重叠语音，内容或说话人归属不确定,,,多人同时说话，按项目规则标为不确定
R8009_M8018,R8009_M8018_seg0188,703.870,711.170,N_SPK8022,嗯,True,partial,高重叠不确定,,,uncertainty,高重叠语音，内容或说话人归属不确定,,,多人同时说话，按项目规则标为不确定
R8009_M8018,R8009_M8018_seg0189,711.170,711.960,N_SPK8021,这样的这个。,False,none,这样的,,,speaker_stance,认为这样的,,,
R8009_M8018,R8009_M8018_seg0190,712.490,719.330,N_SPK8022,就是他现在的话，目前社保，刷卡的话，他大不多数地方还是都可以刷的。,True,partial,高重叠不确定,,,uncertainty,高重叠语音，内容或说话人归属不确定,,,多人同时说话，按项目规则标为不确定
R8009_M8018,R8009_M8018_seg0190,712.490,719.330,N_SPK8021,嗯。,True,partial,高重叠不确定,,,uncertainty,高重叠语音，内容或说话人归属不确定,,,多人同时说话，按项目规则标为不确定
R8009_M8018,R8009_M8018_seg0190,712.490,719.330,N_SPK8021,嗯。,True,partial,高重叠不确定,,,uncertainty,高重叠语音，内容或说话人归属不确定,,,多人同时说话，按项目规则标为不确定
R8009_M8018,R8009_M8018_seg0191,719.680,733.140,N_SPK8022,到时候如果说，公司有所调动，人员调动他需要调动到其他城市，我们再跟他转到其他城市就可以了这个。,True,partial,高重叠不确定,,,uncertainty,高重叠语音，内容或说话人归属不确定,,,多人同时说话，按项目规则标为不确定
R8009_M8018,R8009_M8018_seg0191,719.680,733.140,N_SPK8021,嗯,True,partial,高重叠不确定,,,uncertainty,高重叠语音，内容或说话人归属不确定,,,多人同时说话，按项目规则标为不确定
R8009_M8018,R8009_M8018_seg0191,719.680,733.140,N_SPK8021,嗯,True,partial,高重叠不确定,,,uncertainty,高重叠语音，内容或说话人归属不确定,,,多人同时说话，按项目规则标为不确定
R8009_M8018,R8009_M8018_seg0191,719.680,733.140,N_SPK8021,因为后期我们老总的话，也想在，比如说周边的县城重庆啊，昆明这些大的地方还是开一些分店。,True,partial,高重叠不确定,,,uncertainty,高重叠语音，内容或说话人归属不确定,,,多人同时说话，按项目规则标为不确定
R8009_M8018,R8009_M8018_seg0191,719.680,733.140,N_SPK8022,嗯,True,partial,高重叠不确定,,,uncertainty,高重叠语音，内容或说话人归属不确定,,,多人同时说话，按项目规则标为不确定
R8009_M8018,R8009_M8018_seg0192,733.140,734.720,N_SPK8021,然后这个可能会了解一下。,True,partial,高重叠不确定,,,uncertainty,高重叠语音，内容或说话人归属不确定,,,多人同时说话，按项目规则标为不确定
R8009_M8018,R8009_M8018_seg0192,733.140,734.720,N_SPK8022,嗯,True,partial,高重叠不确定,,,uncertainty,高重叠语音，内容或说话人归属不确定,,,多人同时说话，按项目规则标为不确定
R8009_M8018,R8009_M8018_seg0193,735.080,740.790,N_SPK8022,这个到时候,True,partial,高重叠不确定,,,uncertainty,高重叠语音，内容或说话人归属不确定,,,多人同时说话，按项目规则标为不确定
R8009_M8018,R8009_M8018_seg0193,735.080,740.790,N_SPK8021,然后我们缴纳的话是。,True,partial,高重叠不确定,,,uncertainty,高重叠语音，内容或说话人归属不确定,,,多人同时说话，按项目规则标为不确定
R8009_M8018,R8009_M8018_seg0193,735.080,740.790,N_SPK8022,嗯,True,partial,高重叠不确定,,,uncertainty,高重叠语音，内容或说话人归属不确定,,,多人同时说话，按项目规则标为不确定
R8009_M8018,R8009_M8018_seg0193,735.080,740.790,N_SPK8021,他们所有人在本地缴纳就成都缴纳，还是可以去。,True,partial,高重叠不确定,,,uncertainty,高重叠语音，内容或说话人归属不确定,,,多人同时说话，按项目规则标为不确定
R8009_M8018,R8009_M8018_seg0194,741.820,745.770,N_SPK8021,还是在外地，比如他现在重新上班，他就在重庆缴纳这块。,False,none,还是在外地，比如他现在重新上班，他就...,,,speaker_stance,认为还是在外地，比如他现在重新上班，他就在重庆缴纳这块,,,
R8009_M8018,R8009_M8018_seg0195,746.690,753.030,N_SPK8022,他，目前的话，因为我们，目前的人员都是在成都嘛。,True,partial,高重叠不确定,,,uncertainty,高重叠语音，内容或说话人归属不确定,,,多人同时说话，按项目规则标为不确定
R8009_M8018,R8009_M8018_seg0195,746.690,753.030,N_SPK8021,嗯对对,True,partial,高重叠不确定,,,uncertainty,高重叠语音，内容或说话人归属不确定,,,多人同时说话，按项目规则标为不确定
R8009_M8018,R8009_M8018_seg0195,746.690,753.030,N_SPK8022,我们总部都在成都。,True,partial,高重叠不确定,,,uncertainty,高重叠语音，内容或说话人归属不确定,,,多人同时说话，按项目规则标为不确定
R8009_M8018,R8009_M8018_seg0196,753.030,754.700,N_SPK8022,他就统一都在成都购买。,False,none,他就统一都在成都购买,,,speaker_stance,认为他就统一都在成都购买,,,
R8009_M8018,R8009_M8018_seg0197,754.840,761.470,N_SPK8021,以后呢比如说他派出去之后呢？,True,partial,高重叠不确定,,,uncertainty,高重叠语音，内容或说话人归属不确定,,,多人同时说话，按项目规则标为不确定
R8009_M8018,R8009_M8018_seg0197,754.840,761.470,N_SPK8022,就到时候如果。,True,partial,高重叠不确定,,,uncertainty,高重叠语音，内容或说话人归属不确定,,,多人同时说话，按项目规则标为不确定
R8009_M8018,R8009_M8018_seg0197,754.840,761.470,N_SPK8022,对，以后如果我们就是，开分店需要派出去的时候，他们就是。,True,partial,高重叠不确定,,,uncertainty,高重叠语音，内容或说话人归属不确定,,,多人同时说话，按项目规则标为不确定
R8009_M8018,R8009_M8018_seg0198,761.470,763.280,N_SPK8022,再跟他转，转过去吧。,False,none,再跟他转，转过去吧,,,speaker_stance,认为再跟他转，转过去吧,,,
R8009_M8018,R8009_M8018_seg0199,763.580,764.740,N_SPK8021,帮我转过去对吧？,True,partial,高重叠不确定,,,uncertainty,高重叠语音，内容或说话人归属不确定,,,多人同时说话，按项目规则标为不确定
R8009_M8018,R8009_M8018_seg0199,763.580,764.740,N_SPK8022,嗯,True,partial,高重叠不确定,,,uncertainty,高重叠语音，内容或说话人归属不确定,,,多人同时说话，按项目规则标为不确定
R8009_M8018,R8009_M8018_seg0200,764.740,768.270,N_SPK8021,对他们的话，应该也没有影响。,True,partial,高重叠不确定,,,uncertainty,高重叠语音，内容或说话人归属不确定,,,多人同时说话，按项目规则标为不确定
R8009_M8018,R8009_M8018_seg0200,764.740,768.270,N_SPK8022,对他们没有任何影响。,True,partial,高重叠不确定,,,uncertainty,高重叠语音，内容或说话人归属不确定,,,多人同时说话，按项目规则标为不确定
R8009_M8018,R8009_M8018_seg0201,768.340,772.020,N_SPK8021,我觉得话其实有些公司的话，我，知道他们还是。,False,none,话有些公司，我，知道他们还是,,,speaker_stance,认为话有些公司，我，知道他们还是,,,
R8009_M8018,R8009_M8018_seg0202,772.020,784.490,N_SPK8021,本地购买社保对对员工的话，还是比较的合适一点。,True,partial,高重叠不确定,,,uncertainty,高重叠语音，内容或说话人归属不确定,,,多人同时说话，按项目规则标为不确定
R8009_M8018,R8009_M8018_seg0202,772.020,784.490,N_SPK8022,嗯，对。嗯,True,partial,高重叠不确定,,,uncertainty,高重叠语音，内容或说话人归属不确定,,,多人同时说话，按项目规则标为不确定
R8009_M8018,R8009_M8018_seg0202,772.020,784.490,N_SPK8022,对，他到时候可以转过去的，转过去的话，他到时候用起来可能会方便一些嘛。,True,partial,高重叠不确定,,,uncertainty,高重叠语音，内容或说话人归属不确定,,,多人同时说话，按项目规则标为不确定
R8009_M8018,R8009_M8018_seg0202,772.020,784.490,N_SPK8021,嗯，那还有第二个那个公积金的问题，我这我想了解一下，比如说公积金。,True,partial,高重叠不确定,,,uncertainty,高重叠语音，内容或说话人归属不确定,,,多人同时说话，按项目规则标为不确定
R8009_M8018,R8009_M8018_seg0202,772.020,784.490,N_SPK8022,嗯,True,partial,高重叠不确定,,,uncertainty,高重叠语音，内容或说话人归属不确定,,,多人同时说话，按项目规则标为不确定
R8009_M8018,R8009_M8018_seg0203,785.020,787.210,N_SPK8021,他现在，比如在我们公司。,False,none,他现在，比如在公司,,,speaker_stance,认为他现在，比如在公司,,,
R8009_M8018,R8009_M8018_seg0204,787.210,789.720,N_SPK8021,假如说工作了一年左右。他。,True,partial,高重叠不确定,,,uncertainty,高重叠语音，内容或说话人归属不确定,,,多人同时说话，按项目规则标为不确定
R8009_M8018,R8009_M8018_seg0204,787.210,789.720,N_SPK8022,嗯,True,partial,高重叠不确定,,,uncertainty,高重叠语音，内容或说话人归属不确定,,,多人同时说话，按项目规则标为不确定
R8009_M8018,R8009_M8018_seg0205,790.540,794.110,N_SPK8021,比如他或者租房或者买房，他这个怎么提取。,False,none,比如他或者租房或者买房，他怎么提取,,,speaker_stance,认为比如他或者租房或者买房，他怎么提取,,,
R8009_M8018,R8009_M8018_seg0206,794.110,804.620,N_SPK8021,我觉得还是跟员工说一下，大概的情况是怎样的？对流程提取啲流程怎样的？,True,partial,高重叠不确定,,,uncertainty,高重叠语音，内容或说话人归属不确定,,,多人同时说话，按项目规则标为不确定
R8009_M8018,R8009_M8018_seg0206,794.110,804.620,N_SPK8022,这个的话，嗯，因为那个公积金，平时他是不可以去提取的，到时候，他如果需要购房呢，他可以就。,True,partial,高重叠不确定,,,uncertainty,高重叠语音，内容或说话人归属不确定,,,多人同时说话，按项目规则标为不确定
R8009_M8018,R8009_M8018_seg0206,794.110,804.620,N_SPK8021,嗯嗯,True,partial,高重叠不确定,,,uncertainty,高重叠语音，内容或说话人归属不确定,,,多人同时说话，按项目规则标为不确定
R8009_M8018,R8009_M8018_seg0207,805.070,810.470,N_SPK8022,嗯到时，购房的时候，他是可以去那个，公积金处去提取的。,True,partial,高重叠不确定,,,uncertainty,高重叠语音，内容或说话人归属不确定,,,多人同时说话，按项目规则标为不确定
R8009_M8018,R8009_M8018_seg0207,805.070,810.470,N_SPK8021,嗯,True,partial,高重叠不确定,,,uncertainty,高重叠语音，内容或说话人归属不确定,,,多人同时说话，按项目规则标为不确定
R8009_M8018,R8009_M8018_seg0207,805.070,810.470,N_SPK8021,嗯,True,partial,高重叠不确定,,,uncertainty,高重叠语音，内容或说话人归属不确定,,,多人同时说话，按项目规则标为不确定
R8009_M8018,R8009_M8018_seg0208,810.700,817.690,N_SPK8022,到时候带着那个购房合同是可以去把它提取出来，嗯。,True,partial,高重叠不确定,,,uncertainty,高重叠语音，内容或说话人归属不确定,,,多人同时说话，按项目规则标为不确定
R8009_M8018,R8009_M8018_seg0208,810.700,817.690,N_SPK8021,租房我听好现在，比如他是外地打工的，这种应应该也可以提提取。,True,partial,高重叠不确定,,,uncertainty,高重叠语音，内容或说话人归属不确定,,,多人同时说话，按项目规则标为不确定
R8009_M8018,R8009_M8018_seg0208,810.700,817.690,N_SPK8022,这,True,partial,高重叠不确定,,,uncertainty,高重叠语音，内容或说话人归属不确定,,,多人同时说话，按项目规则标为不确定
R8009_M8018,R8009_M8018_seg0208,810.700,817.690,N_SPK8022,租房他用不了嘛。,True,partial,高重叠不确定,,,uncertainty,高重叠语音，内容或说话人归属不确定,,,多人同时说话，按项目规则标为不确定
R8009_M8018,R8009_M8018_seg0209,818.440,821.580,N_SPK8021,我之前看一下好像可以成。,True,full,高重叠不确定,,,uncertainty,高重叠语音，内容或说话人归属不确定,,,多人同时说话，按项目规则标为不确定
R8009_M8018,R8009_M8018_seg0209,818.440,821.580,N_SPK8022,是啊还有那。,True,full,高重叠不确定,,,uncertainty,高重叠语音，内容或说话人归属不确定,,,多人同时说话，按项目规则标为不确定
R8009_M8018,R8009_M8018_seg0209,818.440,821.580,N_SPK8022,有，有那种公租房。,True,full,高重叠不确定,,,uncertainty,高重叠语音，内容或说话人归属不确定,,,多人同时说话，按项目规则标为不确定
R8009_M8018,R8009_M8018_seg0210,822.220,824.060,N_SPK8021,成都这边应该可以就是租房。,True,full,高重叠不确定,,,uncertainty,高重叠语音，内容或说话人归属不确定,,,多人同时说话，按项目规则标为不确定
R8009_M8018,R8009_M8018_seg0210,822.220,824.060,N_SPK8022,公租的，嗯,True,full,高重叠不确定,,,uncertainty,高重叠语音，内容或说话人归属不确定,,,多人同时说话，按项目规则标为不确定
R8009_M8018,R8009_M8018_seg0211,824.710,831.370,N_SPK8021,应该是带租房合同和那个就是公积金缴纳的一个手续，好像可以提取一定的公积金比例。,False,none,应该是带租房合同和就是公积金缴纳的一...,,,speaker_stance,认为应该是带租房合同和就是公积金缴纳的一个手续，好像可以提取一定的公积金比例,,,
R8009_M8018,R8009_M8018_seg0212,832.020,835.540,N_SPK8022,呃他应该是。,True,partial,高重叠不确定,,,uncertainty,高重叠语音，内容或说话人归属不确定,,,多人同时说话，按项目规则标为不确定
R8009_M8018,R8009_M8018_seg0212,832.020,835.540,N_SPK8021,装修好像现也可以，你可以后下来去那个。,True,partial,高重叠不确定,,,uncertainty,高重叠语音，内容或说话人归属不确定,,,多人同时说话，按项目规则标为不确定
R8009_M8018,R8009_M8018_seg0213,836.110,846.780,N_SPK8021,公积金大厅去了解一下这一块。,True,partial,高重叠不确定,,,uncertainty,高重叠语音，内容或说话人归属不确定,,,多人同时说话，按项目规则标为不确定
R8009_M8018,R8009_M8018_seg0213,836.110,846.780,N_SPK8022,嗯好的，好的，这个待会儿，我下去去就去办。,True,partial,高重叠不确定,,,uncertainty,高重叠语音，内容或说话人归属不确定,,,多人同时说话，按项目规则标为不确定
R8009_M8018,R8009_M8018_seg0213,836.110,846.780,N_SPK8021,然后也给工。,True,partial,高重叠不确定,,,uncertainty,高重叠语音，内容或说话人归属不确定,,,多人同时说话，按项目规则标为不确定
R8009_M8018,R8009_M8018_seg0213,836.110,846.780,N_SPK8021,因为我们这边的员工更多的是来这边就成都外地来成都工作的嘛，可能需要租房这块。,True,partial,高重叠不确定,,,uncertainty,高重叠语音，内容或说话人归属不确定,,,多人同时说话，按项目规则标为不确定
R8009_M8018,R8009_M8018_seg0213,836.110,846.780,N_SPK8022,嗯,True,partial,高重叠不确定,,,uncertainty,高重叠语音，内容或说话人归属不确定,,,多人同时说话，按项目规则标为不确定
R8009_M8018,R8009_M8018_seg0214,846.780,847.730,N_SPK8021,如果这个。,False,none,如果,,,speaker_stance,认为如果,,,
R8009_M8018,R8009_M8018_seg0215,847.730,849.140,N_SPK8021,租房的一些。,False,none,租房的一些,,,speaker_stance,认为租房的一些,,,
R8009_M8018,R8009_M8018_seg0216,849.140,849.830,N_SPK8021,就是。,False,none,就是,,,speaker_stance,认为就是,,,
R8009_M8018,R8009_M8018_seg0217,849.830,855.630,N_SPK8021,费用可以给他们解决的话，其实还是对他们有很多的就稳定，可以在公司里面去工作，还是。,True,partial,高重叠不确定,,,uncertainty,高重叠语音，内容或说话人归属不确定,,,多人同时说话，按项目规则标为不确定
R8009_M8018,R8009_M8018_seg0217,849.830,855.630,N_SPK8022,嗯,True,partial,高重叠不确定,,,uncertainty,高重叠语音，内容或说话人归属不确定,,,多人同时说话，按项目规则标为不确定
R8009_M8018,R8009_M8018_seg0217,849.830,855.630,N_SPK8022,对,True,partial,高重叠不确定,,,uncertainty,高重叠语音，内容或说话人归属不确定,,,多人同时说话，按项目规则标为不确定
R8009_M8018,R8009_M8018_seg0218,856.150,857.550,N_SPK8021,很稳定的一个。,True,partial,高重叠不确定,,,uncertainty,高重叠语音，内容或说话人归属不确定,,,多人同时说话，按项目规则标为不确定
R8009_M8018,R8009_M8018_seg0218,856.150,857.550,N_SPK8022,对对对。,True,partial,高重叠不确定,,,uncertainty,高重叠语音，内容或说话人归属不确定,,,多人同时说话，按项目规则标为不确定
R8009_M8018,R8009_M8018_seg0219,857.550,860.640,N_SPK8021,好好处吧，对于他们其实还可以了解一下。,True,partial,高重叠不确定,,,uncertainty,高重叠语音，内容或说话人归属不确定,,,多人同时说话，按项目规则标为不确定
R8009_M8018,R8009_M8018_seg0219,857.550,860.640,N_SPK8022,嗯,True,partial,高重叠不确定,,,uncertainty,高重叠语音，内容或说话人归属不确定,,,多人同时说话，按项目规则标为不确定
R8009_M8018,R8009_M8018_seg0220,860.640,861.020,N_SPK8021,如果。,False,none,如果,,,speaker_stance,认为如果,,,
R8009_M8018,R8009_M8018_seg0221,862.030,866.720,N_SPK8021,比如说他们就是告诉他们整个的流程让他们知道，其实这个也是。,False,none,比如说他们就是告诉他们整个的流程让他...,,,speaker_stance,认为比如说他们就是告诉他们整个的流程让他们知道，也是,,,
R8009_M8018,R8009_M8018_seg0222,867.550,872.540,N_SPK8021,我们可以给他们想到一个隐形福利嘛，让更更好的去稳定的工作。,True,partial,高重叠不确定,,,uncertainty,高重叠语音，内容或说话人归属不确定,,,多人同时说话，按项目规则标为不确定
R8009_M8018,R8009_M8018_seg0222,867.550,872.540,N_SPK8022,嗯，对。,True,partial,高重叠不确定,,,uncertainty,高重叠语音，内容或说话人归属不确定,,,多人同时说话，按项目规则标为不确定
R8009_M8018,R8009_M8018_seg0223,873.160,873.480,N_SPK8022,嗯,False,none,嗯,,,speaker_stance,认为嗯,,,
R8009_M8018,R8009_M8018_seg0224,873.610,877.000,N_SPK8021,啊，现在招人的情况现在好招吗？现在这些员工。,False,none,现在招人的情况现在好招吗？现在这些员...,,,speaker_stance,认为现在招人的情况现在好招吗？现在这些员工,,,
R8009_M8018,R8009_M8018_seg0225,877.110,879.290,N_SPK8022,就是，目前的话。,False,none,就是，目前,,,speaker_stance,认为就是，目前,,,
R8009_M8018,R8009_M8018_seg0226,879.290,888.560,N_SPK8022,招人好，这方面好像，就是有点困难。,True,partial,高重叠不确定,,,uncertainty,高重叠语音，内容或说话人归属不确定,,,多人同时说话，按项目规则标为不确定
R8009_M8018,R8009_M8018_seg0226,879.290,888.560,N_SPK8021,他们现在对，就是公司是否比如我们单位是否购买五险一金，他们会看重吗？这块。,True,partial,高重叠不确定,,,uncertainty,高重叠语音，内容或说话人归属不确定,,,多人同时说话，按项目规则标为不确定
R8009_M8018,R8009_M8018_seg0227,889.140,894.740,N_SPK8022,嗯这个肯定也是，就是，对年轻人来说是一个很好的福利嘛，还是比较有吸引力的。,True,partial,高重叠不确定,,,uncertainty,高重叠语音，内容或说话人归属不确定,,,多人同时说话，按项目规则标为不确定
R8009_M8018,R8009_M8018_seg0227,889.140,894.740,N_SPK8021,嗯,True,partial,高重叠不确定,,,uncertainty,高重叠语音，内容或说话人归属不确定,,,多人同时说话，按项目规则标为不确定
R8009_M8018,R8009_M8018_seg0228,895.320,899.220,N_SPK8021,嗯,True,partial,高重叠不确定,,,uncertainty,高重叠语音，内容或说话人归属不确定,,,多人同时说话，按项目规则标为不确定
R8009_M8018,R8009_M8018_seg0228,895.320,899.220,N_SPK8022,所以就是提取，就是尽量还是都跟他们购买五险一金。,True,partial,高重叠不确定,,,uncertainty,高重叠语音，内容或说话人归属不确定,,,多人同时说话，按项目规则标为不确定
R8009_M8018,R8009_M8018_seg0229,899.360,900.840,N_SPK8021,嗯购买五险一金。,False,none,购买五险一金,,,speaker_stance,认为购买五险一金,,,
R8009_M8018,R8009_M8018_seg0230,901.300,910.380,N_SPK8021,他们会问吗？在面试的时候。,True,partial,高重叠不确定,,,uncertainty,高重叠语音，内容或说话人归属不确定,,,多人同时说话，按项目规则标为不确定
R8009_M8018,R8009_M8018_seg0230,901.300,910.380,N_SPK8022,就是面试的时候。,True,partial,高重叠不确定,,,uncertainty,高重叠语音，内容或说话人归属不确定,,,多人同时说话，按项目规则标为不确定
R8009_M8018,R8009_M8018_seg0230,901.300,910.380,N_SPK8021,他们会主动问这块吗？,True,partial,高重叠不确定,,,uncertainty,高重叠语音，内容或说话人归属不确定,,,多人同时说话，按项目规则标为不确定
R8009_M8018,R8009_M8018_seg0230,901.300,910.380,N_SPK8022,都都会主动问的。,True,partial,高重叠不确定,,,uncertainty,高重叠语音，内容或说话人归属不确定,,,多人同时说话，按项目规则标为不确定
R8009_M8018,R8009_M8018_seg0230,901.300,910.380,N_SPK8021,嗯，那还是其实现在年轻人还是很看重这块还是稳定比较看重。,True,partial,高重叠不确定,,,uncertainty,高重叠语音，内容或说话人归属不确定,,,多人同时说话，按项目规则标为不确定
R8009_M8018,R8009_M8018_seg0230,901.300,910.380,N_SPK8022,嗯,True,partial,高重叠不确定,,,uncertainty,高重叠语音，内容或说话人归属不确定,,,多人同时说话，按项目规则标为不确定
R8009_M8018,R8009_M8018_seg0231,910.480,911.240,N_SPK8022,嗯对对对。,False,none,对对对,,,speaker_stance,认为对对对,,,
R8009_M8018,R8009_M8018_seg0232,913.290,914.350,N_SPK8021,嗯可以。,False,none,可以,,,speaker_stance,认为可以,,,
R8009_M8018,R8009_M8018_seg0233,914.350,915.150,N_SPK8021,那现在。,False,none,那现在,,,speaker_stance,认为那现在,,,
R8009_M8018,R8009_M8018_seg0234,915.150,916.920,N_SPK8021,我看一下公积金的话。,False,none,我看公积金,,,topic_transition,讨论我看公积金,,,
R8009_M8018,R8009_M8018_seg0235,916.920,917.590,N_SPK8021,医保。,False,none,医保,,,speaker_stance,认为医保,,,
R8009_M8018,R8009_M8018_seg0236,917.800,923.230,N_SPK8022,就是后期，我想说，他们就是有部分，就是长期留下来的员工到时候他们。,True,partial,高重叠不确定,,,uncertainty,高重叠语音，内容或说话人归属不确定,,,多人同时说话，按项目规则标为不确定
R8009_M8018,R8009_M8018_seg0236,917.800,923.230,N_SPK8021,嗯,True,partial,高重叠不确定,,,uncertainty,高重叠语音，内容或说话人归属不确定,,,多人同时说话，按项目规则标为不确定
R8009_M8018,R8009_M8018_seg0236,917.800,923.230,N_SPK8021,嗯,True,partial,高重叠不确定,,,uncertainty,高重叠语音，内容或说话人归属不确定,,,多人同时说话，按项目规则标为不确定
R8009_M8018,R8009_M8018_seg0237,923.230,931.050,N_SPK8022,我们目前就是，购买的话。,True,partial,高重叠不确定,,,uncertainty,高重叠语音，内容或说话人归属不确定,,,多人同时说话，按项目规则标为不确定
R8009_M8018,R8009_M8018_seg0237,923.230,931.050,N_SPK8021,嗯,True,partial,高重叠不确定,,,uncertainty,高重叠语音，内容或说话人归属不确定,,,多人同时说话，按项目规则标为不确定
R8009_M8018,R8009_M8018_seg0237,923.230,931.050,N_SPK8022,就，打算为了，就是公司成本的话。还是就买一个最低档吧毕竟。,True,partial,高重叠不确定,,,uncertainty,高重叠语音，内容或说话人归属不确定,,,多人同时说话，按项目规则标为不确定
R8009_M8018,R8009_M8018_seg0237,923.230,931.050,N_SPK8021,嗯嗯,True,partial,高重叠不确定,,,uncertainty,高重叠语音，内容或说话人归属不确定,,,多人同时说话，按项目规则标为不确定
R8009_M8018,R8009_M8018_seg0238,931.430,937.240,N_SPK8022,嗯到后期他们做得比较优秀的员工，他们需要再往上提升。再买的时候。,True,partial,高重叠不确定,,,uncertainty,高重叠语音，内容或说话人归属不确定,,,多人同时说话，按项目规则标为不确定
R8009_M8018,R8009_M8018_seg0238,931.430,937.240,N_SPK8021,嗯,True,partial,高重叠不确定,,,uncertainty,高重叠语音，内容或说话人归属不确定,,,多人同时说话，按项目规则标为不确定
R8009_M8018,R8009_M8018_seg0239,937.240,939.910,N_SPK8022,超出部分他们可以就自己去付。,False,none,超出部分他们可以就自己去付,,,speaker_stance,认为超出部分他们可以就自己去付,,,
R8009_M8018,R8009_M8018_seg0240,940.920,947.210,N_SPK8022,到时候跟我们，那个人力资源交一个申请表就可以了。,True,partial,高重叠不确定,,,uncertainty,高重叠语音，内容或说话人归属不确定,,,多人同时说话，按项目规则标为不确定
R8009_M8018,R8009_M8018_seg0240,940.920,947.210,N_SPK8021,嗯现在我们买了那买到成都哪个区的？,True,partial,高重叠不确定,,,uncertainty,高重叠语音，内容或说话人归属不确定,,,多人同时说话，按项目规则标为不确定
R8009_M8018,R8009_M8018_seg0240,940.920,947.210,N_SPK8022,节约他们的成本,True,partial,高重叠不确定,,,uncertainty,高重叠语音，内容或说话人归属不确定,,,多人同时说话，按项目规则标为不确定
R8009_M8018,R8009_M8018_seg0241,947.210,950.070,N_SPK8021,社保买到成都哪个区？,True,partial,高重叠不确定,,,uncertainty,高重叠语音，内容或说话人归属不确定,,,多人同时说话，按项目规则标为不确定
R8009_M8018,R8009_M8018_seg0241,947.210,950.070,N_SPK8022,武侯区,True,partial,高重叠不确定,,,uncertainty,高重叠语音，内容或说话人归属不确定,,,多人同时说话，按项目规则标为不确定
R8009_M8018,R8009_M8018_seg0241,947.210,950.070,N_SPK8021,我去对吧。,True,partial,高重叠不确定,,,uncertainty,高重叠语音，内容或说话人归属不确定,,,多人同时说话，按项目规则标为不确定
R8009_M8018,R8009_M8018_seg0241,947.210,950.070,N_SPK8022,嗯对,True,partial,高重叠不确定,,,uncertainty,高重叠语音，内容或说话人归属不确定,,,多人同时说话，按项目规则标为不确定
R8009_M8018,R8009_M8018_seg0242,950.350,952.520,N_SPK8021,他这个没有影响比如他有些。,False,none,他没有影响比如他有些,,,speaker_stance,认为他没有影响比如他有些,,,
R8009_M8018,R8009_M8018_seg0243,952.520,957.060,N_SPK8021,我听现在外面说市社保，区社保这块应该没有什么影响吧。,False,none,我听现在外面说市社保，区社保这块应该...,,,speaker_stance,认为我听现在外面说市社保，区社保这块应该没有什么影响吧,,,
R8009_M8018,R8009_M8018_seg0244,957.070,959.730,N_SPK8022,嗯没，这个嗯没什么影响的。,False,none,没，没什么影响的,,,speaker_stance,认为没，没什么影响的,,,
R8009_M8018,R8009_M8018_seg0245,960.110,961.280,N_SPK8021,没有什么影响对吧。,True,partial,高重叠不确定,,,uncertainty,高重叠语音，内容或说话人归属不确定,,,多人同时说话，按项目规则标为不确定
R8009_M8018,R8009_M8018_seg0245,960.110,961.280,N_SPK8022,嗯对,True,partial,高重叠不确定,,,uncertainty,高重叠语音，内容或说话人归属不确定,,,多人同时说话，按项目规则标为不确定
R8009_M8018,R8009_M8018_seg0246,962.740,969.800,N_SPK8021,我们刚刚听到说，你可能我们现在有些是四十多岁的员工比较老稍微年龄大的一些员工，打新招进来。,True,partial,高重叠不确定,,,uncertainty,高重叠语音，内容或说话人归属不确定,,,多人同时说话，按项目规则标为不确定
R8009_M8018,R8009_M8018_seg0246,962.740,969.800,N_SPK8022,嗯对,True,partial,高重叠不确定,,,uncertainty,高重叠语音，内容或说话人归属不确定,,,多人同时说话，按项目规则标为不确定
R8009_M8018,R8009_M8018_seg0247,970.540,974.590,N_SPK8021,他比如说以后他退休的话，需要我们公司提供怎样的一个证明。,False,none,他比如说以后他退休，需要公司提供怎样...,,,speaker_stance,认为他比如说以后他退休，需要公司提供怎样的一个证明,,,
R8009_M8018,R8009_M8018_seg0248,974.590,976.600,N_SPK8021,这个你了了解过吗？因为。,False,none,你了了解过吗？因为,,,speaker_stance,认为你了了解过吗？因为,,,
R8009_M8018,R8009_M8018_seg0249,976.600,978.490,N_SPK8021,也会涉及到退休的一些办理。,False,none,也会涉及到退休的一些办理,,,speaker_stance,认为也会涉及到退休的一些办理,,,
R8009_M8018,R8009_M8018_seg0250,978.490,981.770,N_SPK8021,对可能也差不多四十岁到到五十岁的话。,False,none,对可能也差不多四十岁到到五十岁,,,speaker_stance,认为对可能也差不多四十岁到到五十岁,,,
R8009_M8018,R8009_M8018_seg0251,982.690,988.910,N_SPK8021,可能差不多就几年七八年的这个时间，或者更短，四五年他们有了解吗？这块。,False,none,可能差不多就几年七八年的时间，或者更...,,,speaker_stance,认为可能差不多就几年七八年的时间，或者更短，四五年他们有了解吗？这块,,,
R8009_M8018,R8009_M8018_seg0252,989.740,993.280,N_SPK8022,这个，到时候，他需要就是下去。,False,none,到时候，他需要就是下去,,,speaker_stance,认为到时候，他需要就是下去,,,
R8009_M8018,R8009_M8018_seg0253,993.280,998.310,N_SPK8022,我们下去再去了解一下，具体的详细就是，办理退休流程是怎么样的。,False,none,下去再去了解，具体的详细就是，办理退...,,,speaker_stance,认为下去再去了解，具体的详细就是，办理退休流程是怎么样的,,,
R8009_M8018,R8009_M8018_seg0254,998.560,1001.860,N_SPK8021,现在国家规定的话，最低是多少年就可以。,False,none,现在国家规定，最低是多少年就可以,,,speaker_stance,认为现在国家规定，最低是多少年就可以,,,
R8009_M8018,R8009_M8018_seg0255,1001.860,1004.650,N_SPK8021,就是就退休的补贴的政策。,False,none,就是就退休的补贴的政策,,,speaker_stance,认为就是就退休的补贴的政策,,,
R8009_M8018,R8009_M8018_seg0256,1005.730,1009.960,N_SPK8022,这不是退休补贴多少政策，它那个社保的话，一般是。,True,partial,高重叠不确定,,,uncertainty,高重叠语音，内容或说话人归属不确定,,,多人同时说话，按项目规则标为不确定
R8009_M8018,R8009_M8018_seg0256,1005.730,1009.960,N_SPK8021,嗯嗯,True,partial,高重叠不确定,,,uncertainty,高重叠语音，内容或说话人归属不确定,,,多人同时说话，按项目规则标为不确定
R8009_M8018,R8009_M8018_seg0257,1009.960,1013.790,N_SPK8022,购买年限十五年嘛，就是养老保险是十五年。,True,partial,高重叠不确定,,,uncertainty,高重叠语音，内容或说话人归属不确定,,,多人同时说话，按项目规则标为不确定
R8009_M8018,R8009_M8018_seg0257,1009.960,1013.790,N_SPK8021,就最低是。嗯,True,partial,高重叠不确定,,,uncertainty,高重叠语音，内容或说话人归属不确定,,,多人同时说话，按项目规则标为不确定
R8009_M8018,R8009_M8018_seg0258,1013.790,1016.130,N_SPK8022,但是那个，就是上。,True,partial,高重叠不确定,,,uncertainty,高重叠语音，内容或说话人归属不确定,,,多人同时说话，按项目规则标为不确定
R8009_M8018,R8009_M8018_seg0258,1013.790,1016.130,N_SPK8021,嗯,True,partial,高重叠不确定,,,uncertainty,高重叠语音，内容或说话人归属不确定,,,多人同时说话，按项目规则标为不确定
R8009_M8018,R8009_M8018_seg0259,1016.630,1020.730,N_SPK8022,养养那个医疗保险是，必须是，买够二十五年。,True,partial,高重叠不确定,,,uncertainty,高重叠语音，内容或说话人归属不确定,,,多人同时说话，按项目规则标为不确定
R8009_M8018,R8009_M8018_seg0259,1016.630,1020.730,N_SPK8021,嗯,True,partial,高重叠不确定,,,uncertainty,高重叠语音，内容或说话人归属不确定,,,多人同时说话，按项目规则标为不确定
R8009_M8018,R8009_M8018_seg0260,1020.970,1025.430,N_SPK8021,为什么要？,True,full,高重叠不确定,,,uncertainty,高重叠语音，内容或说话人归属不确定,,,多人同时说话，按项目规则标为不确定
R8009_M8018,R8009_M8018_seg0260,1020.970,1025.430,N_SPK8022,就算他到时候到了那个退休年龄，他也是要。,True,full,高重叠不确定,,,uncertainty,高重叠语音，内容或说话人归属不确定,,,多人同时说话，按项目规则标为不确定
R8009_M8018,R8009_M8018_seg0260,1020.970,1025.430,N_SPK8021,为什么会多十年这块啊？嗯嗯。,True,full,高重叠不确定,,,uncertainty,高重叠语音，内容或说话人归属不确定,,,多人同时说话，按项目规则标为不确定
R8009_M8018,R8009_M8018_seg0261,1026.040,1028.670,N_SPK8022,就是还是要继续缴付。对。,True,partial,高重叠不确定,,,uncertainty,高重叠语音，内容或说话人归属不确定,,,多人同时说话，按项目规则标为不确定
R8009_M8018,R8009_M8018_seg0261,1026.040,1028.670,N_SPK8021,就。,True,partial,高重叠不确定,,,uncertainty,高重叠语音，内容或说话人归属不确定,,,多人同时说话，按项目规则标为不确定
R8009_M8018,R8009_M8018_seg0262,1028.920,1041.980,N_SPK8021,补齐二十就要补齐二十五年。,True,partial,高重叠不确定,,,uncertainty,高重叠语音，内容或说话人归属不确定,,,多人同时说话，按项目规则标为不确定
R8009_M8018,R8009_M8018_seg0262,1028.920,1041.980,N_SPK8022,对，因为它的规定，规定是这样的嘛。就是，医疗必须每个人,True,partial,高重叠不确定,,,uncertainty,高重叠语音，内容或说话人归属不确定,,,多人同时说话，按项目规则标为不确定
R8009_M8018,R8009_M8018_seg0262,1028.920,1041.980,N_SPK8021,为什么这个会差十年你这个了解过吗？或者以后给员工也可以讲清楚你了解过吗？这个。,True,partial,高重叠不确定,,,uncertainty,高重叠语音，内容或说话人归属不确定,,,多人同时说话，按项目规则标为不确定
R8009_M8018,R8009_M8018_seg0262,1028.920,1041.980,N_SPK8022,嗯哼这个是在政策上面是，有这样一个政策。,True,partial,高重叠不确定,,,uncertainty,高重叠语音，内容或说话人归属不确定,,,多人同时说话，按项目规则标为不确定
R8009_M8018,R8009_M8018_seg0262,1028.920,1041.980,N_SPK8021,哦。,True,partial,高重叠不确定,,,uncertainty,高重叠语音，内容或说话人归属不确定,,,多人同时说话，按项目规则标为不确定
R8009_M8018,R8009_M8018_seg0263,1042.820,1045.620,N_SPK8021,医保现在我们一个月，比如他三千块钱的话，大概。,True,partial,高重叠不确定,,,uncertainty,高重叠语音，内容或说话人归属不确定,,,多人同时说话，按项目规则标为不确定
R8009_M8018,R8009_M8018_seg0263,1042.820,1045.620,N_SPK8022,嗯,True,partial,高重叠不确定,,,uncertainty,高重叠语音，内容或说话人归属不确定,,,多人同时说话，按项目规则标为不确定
R8009_M8018,R8009_M8018_seg0264,1045.620,1049.120,N_SPK8021,我们公司会承担多少？你算过吗？比如说他每一个。,False,none,公司会承担多少？你算过吗？比如说他每...,,,speaker_stance,认为公司会承担多少？你算过吗？比如说他每一个,,,
R8009_M8018,R8009_M8018_seg0265,1049.120,1050.500,N_SPK8021,比例比如说。,False,none,比例比如说,,,speaker_stance,认为比例比如说,,,
R8009_M8018,R8009_M8018_seg0266,1050.500,1052.810,N_SPK8021,比如说我们现在基本工资三千。,False,none,比如说现在基本工资三千,,,speaker_stance,认为比如说现在基本工资三千,,,
R8009_M8018,R8009_M8018_seg0267,1052.810,1057.890,N_SPK8021,然后他比如说我们养老要承担多少比例？就公司会交多少钱，一个员工？然后。,False,none,他比如说养老要承担多少比例？就公司会...,,,speaker_stance,认为他比如说养老要承担多少比例？就公司会交多少钱，一个员工？,,,
R8009_M8018,R8009_M8018_seg0268,1058.350,1059.500,N_SPK8021,医疗。,False,none,医疗,,,speaker_stance,认为医疗,,,
R8009_M8018,R8009_M8018_seg0269,1059.500,1060.730,N_SPK8021,是那个。,False,none,是,,,speaker_stance,认为是,,,
R8009_M8018,R8009_M8018_seg0270,1060.730,1065.270,N_SPK8021,生育失业，工伤这块，我们大概会缴多少钱你算过吗？,False,none,生育失业，工伤这块，大概会缴多少钱你...,,,open_question,待确认生育失业，工伤这块，大概会缴多少钱你算过吗？,,,
R8009_M8018,R8009_M8018_seg0271,1067.460,1073.230,N_SPK8022,嗯这个接下下来再去算一下嘛，就是百分之六十左右，就是一千。,True,partial,高重叠不确定,,,uncertainty,高重叠语音，内容或说话人归属不确定,,,多人同时说话，按项目规则标为不确定
R8009_M8018,R8009_M8018_seg0271,1067.460,1073.230,N_SPK8021,嗯,True,partial,高重叠不确定,,,uncertainty,高重叠语音，内容或说话人归属不确定,,,多人同时说话，按项目规则标为不确定
R8009_M8018,R8009_M8018_seg0272,1073.710,1078.690,N_SPK8022,一千按他的那个基本工资三千，去买的话。就是百,False,none,一千按他的基本工资三千，去买，就是百,,,speaker_stance,认为一千按他的基本工资三千，去买，就是百,,,
R8009_M8018,R8009_M8018_seg0273,1078.690,1080.090,N_SPK8022,一百，一千八。,False,none,一百，一千八,,,speaker_stance,认为一百，一千八,,,
R8009_M8018,R8009_M8018_seg0274,1080.090,1082.900,N_SPK8022,一千八，然后我们付，百分之四十多。,False,none,一千八，付，百分之四十多,,,speaker_stance,认为一千八，付，百分之四十多,,,
R8009_M8018,R8009_M8018_seg0275,1082.900,1085.380,N_SPK8022,我们差不多是跟他们付。,True,partial,高重叠不确定,,,uncertainty,高重叠语音，内容或说话人归属不确定,,,多人同时说话，按项目规则标为不确定
R8009_M8018,R8009_M8018_seg0275,1082.900,1085.380,N_SPK8021,嗯,True,partial,高重叠不确定,,,uncertainty,高重叠语音，内容或说话人归属不确定,,,多人同时说话，按项目规则标为不确定
R8009_M8018,R8009_M8018_seg0276,1085.380,1089.290,N_SPK8022,七百多，然后，再剩下的一部分就由他们自己去缴付。,False,none,七百多，再剩下的一部分就由他们自己去...,,,speaker_stance,认为七百多，再剩下的一部分就由他们自己去缴付,,,
R8009_M8018,R8009_M8018_seg0277,1089.460,1091.920,N_SPK8021,你就相当一个员工，我们招进的话，其实他的。,False,none,你就相当一个员工，招进，他的,,,speaker_stance,认为你就相当一个员工，招进，他的,,,
R8009_M8018,R8009_M8018_seg0278,1092.590,1094.950,N_SPK8021,最低的一个用人什么的，将近四千块钱。,False,none,最低的一个用人什么的，将近四千块钱,,,speaker_stance,认为最低的一个用人什么的，将近四千块钱,,,
R8009_M8018,R8009_M8018_seg0279,1095.520,1096.570,N_SPK8022,对，就是。,False,none,对，就是,,,speaker_stance,认为对，就是,,,
R8009_M8018,R8009_M8018_seg0280,1096.570,1102.100,N_SPK8022,因为公积金这一块，我们要交付，一百八，然后，这方面七百多差不多就是将近九百块。,True,partial,高重叠不确定,,,uncertainty,高重叠语音，内容或说话人归属不确定,,,多人同时说话，按项目规则标为不确定
R8009_M8018,R8009_M8018_seg0280,1096.570,1102.100,N_SPK8021,嗯,True,partial,高重叠不确定,,,uncertainty,高重叠语音，内容或说话人归属不确定,,,多人同时说话，按项目规则标为不确定
R8009_M8018,R8009_M8018_seg0281,1102.480,1104.110,N_SPK8021,我们那这块的话还是。,True,partial,高重叠不确定,,,uncertainty,高重叠语音，内容或说话人归属不确定,,,多人同时说话，按项目规则标为不确定
R8009_M8018,R8009_M8018_seg0281,1102.480,1104.110,N_SPK8022,对。,True,partial,高重叠不确定,,,uncertainty,高重叠语音，内容或说话人归属不确定,,,多人同时说话，按项目规则标为不确定
R8009_M8018,R8009_M8018_seg0282,1104.830,1106.970,N_SPK8021,对我们新开公司虽然说。,False,none,对新开公司虽然说,,,speaker_stance,认为对新开公司虽然说,,,
R8009_M8018,R8009_M8018_seg0283,1106.970,1110.640,N_SPK8021,就是公司老板的话，实力还是可以，但是。,False,none,就是公司老板，实力还是可以，但是,,,speaker_stance,认为就是公司老板，实力还是可以，但是,,,
R8009_M8018,R8009_M8018_seg0284,1111.390,1112.430,N_SPK8021,还是一个比较。,False,none,还是一个比较,,,speaker_stance,认为还是一个比较,,,
R8009_M8018,R8009_M8018_seg0285,1113.440,1115.750,N_SPK8021,大的一个问题，因为现在你知道。,False,none,大的一个问题，因为现在你知道,,,speaker_stance,认为大的一个问题，因为现在你知道,,,
R8009_M8018,R8009_M8018_seg0286,1115.750,1122.390,N_SPK8021,就最近一两年，这个疫情吧还是有一定问题。,True,partial,高重叠不确定,,,uncertainty,高重叠语音，内容或说话人归属不确定,,,多人同时说话，按项目规则标为不确定
R8009_M8018,R8009_M8018_seg0286,1115.750,1122.390,N_SPK8022,嗯,True,partial,高重叠不确定,,,uncertainty,高重叠语音，内容或说话人归属不确定,,,多人同时说话，按项目规则标为不确定
R8009_M8018,R8009_M8018_seg0286,1115.750,1122.390,N_SPK8022,对这方面,True,partial,高重叠不确定,,,uncertainty,高重叠语音，内容或说话人归属不确定,,,多人同时说话，按项目规则标为不确定
R8009_M8018,R8009_M8018_seg0286,1115.750,1122.390,N_SPK8021,公积金的话，我觉得还是就是转正之后再购买。,True,partial,高重叠不确定,,,uncertainty,高重叠语音，内容或说话人归属不确定,,,多人同时说话，按项目规则标为不确定
R8009_M8018,R8009_M8018_seg0287,1122.390,1123.960,N_SPK8021,还是可以的，因为。,True,partial,高重叠不确定,,,uncertainty,高重叠语音，内容或说话人归属不确定,,,多人同时说话，按项目规则标为不确定
R8009_M8018,R8009_M8018_seg0287,1122.390,1123.960,N_SPK8022,嗯对。,True,partial,高重叠不确定,,,uncertainty,高重叠语音，内容或说话人归属不确定,,,多人同时说话，按项目规则标为不确定
R8009_M8018,R8009_M8018_seg0288,1124.360,1125.140,N_SPK8021,或者更。,False,none,或者更,,,speaker_stance,认为或者更,,,
R8009_M8018,R8009_M8018_seg0289,1125.140,1128.150,N_SPK8021,可以更长的时间，还是可以的。,False,none,可以更长的时间，还是可以的,,,speaker_stance,认为可以更长的时间，还是可以的,,,
R8009_M8018,R8009_M8018_seg0290,1128.470,1135.860,N_SPK8022,对，如果是要想节约成本的话，也可以就是说推迟到，一年过后嘛，就是如此，嗯，对，都是可以的。,True,partial,高重叠不确定,,,uncertainty,高重叠语音，内容或说话人归属不确定,,,多人同时说话，按项目规则标为不确定
R8009_M8018,R8009_M8018_seg0290,1128.470,1135.860,N_SPK8021,一年过后。,True,partial,高重叠不确定,,,uncertainty,高重叠语音，内容或说话人归属不确定,,,多人同时说话，按项目规则标为不确定
R8009_M8018,R8009_M8018_seg0290,1128.470,1135.860,N_SPK8021,就入职一年之后。,True,partial,高重叠不确定,,,uncertainty,高重叠语音，内容或说话人归属不确定,,,多人同时说话，按项目规则标为不确定
R8009_M8018,R8009_M8018_seg0291,1136.530,1136.770,N_SPK8022,嗯,False,none,嗯,,,speaker_stance,认为嗯,,,
R8009_M8018,R8009_M8018_seg0292,1137.800,1139.990,N_SPK8021,现在我们又没有什么奖励制度啊？比如说他。,False,none,现在又没有什么奖励制度？比如说他,,,speaker_stance,认为现在又没有什么奖励制度？比如说他,,,
R8009_M8018,R8009_M8018_seg0293,1140.590,1141.520,N_SPK8021,比如有些。,False,none,比如有些,,,speaker_stance,认为比如有些,,,
R8009_M8018,R8009_M8018_seg0294,1141.520,1145.730,N_SPK8021,单位正规的大的一些连锁超市，它会有，就是每年。,False,none,单位正规的大的一些连锁超市，它会有...,,,speaker_stance,认为单位正规的大的一些连锁超市，它会有，就是每年,,,
R8009_M8018,R8009_M8018_seg0295,1145.730,1146.900,N_SPK8021,他会有四。,False,none,他会有四,,,speaker_stance,认为他会有四,,,
R8009_M8018,R8009_M8018_seg0296,1146.900,1149.750,N_SPK8021,多一个月工资就基本工资，我们现在这块有吗？,False,none,多一个月工资就基本工资，现在这块有吗...,,,open_question,待确认多一个月工资就基本工资，现在这块有吗？,,,
R8009_M8018,R8009_M8018_seg0297,1150.720,1155.920,N_SPK8022,这个，他跟那个五险一金是没有关系的，然后，那个是一个年终奖的问题。,True,partial,高重叠不确定,,,uncertainty,高重叠语音，内容或说话人归属不确定,,,多人同时说话，按项目规则标为不确定
R8009_M8018,R8009_M8018_seg0297,1150.720,1155.920,N_SPK8021,嗯,True,partial,高重叠不确定,,,uncertainty,高重叠语音，内容或说话人归属不确定,,,多人同时说话，按项目规则标为不确定
R8009_M8018,R8009_M8018_seg0298,1156.230,1157.500,N_SPK8021,哦，年终奖的问题对吧？,True,partial,高重叠不确定,,,uncertainty,高重叠语音，内容或说话人归属不确定,,,多人同时说话，按项目规则标为不确定
R8009_M8018,R8009_M8018_seg0298,1156.230,1157.500,N_SPK8022,嗯,True,partial,高重叠不确定,,,uncertainty,高重叠语音，内容或说话人归属不确定,,,多人同时说话，按项目规则标为不确定
R8009_M8018,R8009_M8018_seg0299,1158.770,1159.880,N_SPK8021,现在我们。,False,none,现在,,,speaker_stance,认为现在,,,
R8009_M8018,R8009_M8018_seg0300,1159.880,1163.670,N_SPK8021,医保社保嗯，那像我像我了解一下就是。,False,none,医保社保，那像我像我了解就是,,,speaker_stance,认为医保社保，那像我像我了解就是,,,
R8009_M8018,R8009_M8018_seg0301,1163.670,1165.220,N_SPK8021,医保的话，他去。,False,none,医保，他去,,,speaker_stance,认为医保，他去,,,
R8009_M8018,R8009_M8018_seg0302,1166.050,1169.480,N_SPK8021,做一些就是比如现在，比如说我们现在就那个。,False,none,做一些就是比如现在，比如说现在就,,,speaker_stance,认为做一些就是比如现在，比如说现在就,,,
R8009_M8018,R8009_M8018_seg0303,1169.480,1173.530,N_SPK8021,会有那个新冠接种疫苗，或者他接种一些疫苗医保的话。,False,none,会有新冠接种疫苗，或者他接种一些疫苗...,,,speaker_stance,认为会有新冠接种疫苗，或者他接种一些疫苗医保,,,
R8009_M8018,R8009_M8018_seg0304,1173.530,1175.720,N_SPK8021,他直接刷卡就可以还是这样的这块。,False,none,他直接刷卡就可以还是这样的这块,,,speaker_stance,认为他直接刷卡就可以还是这样的这块,,,
R8009_M8018,R8009_M8018_seg0305,1175.910,1178.540,N_SPK8022,这个它是可以报销的。嗯对,True,partial,高重叠不确定,,,uncertainty,高重叠语音，内容或说话人归属不确定,,,多人同时说话，按项目规则标为不确定
R8009_M8018,R8009_M8018_seg0305,1175.910,1178.540,N_SPK8021,可以报销的对吧？,True,partial,高重叠不确定,,,uncertainty,高重叠语音，内容或说话人归属不确定,,,多人同时说话，按项目规则标为不确定
R8009_M8018,R8009_M8018_seg0306,1178.780,1179.080,N_SPK8021,哦。,False,none,哦,,,speaker_stance,认为哦,,,
R8009_M8018,R8009_M8018_seg0307,1182.620,1184.860,N_SPK8021,员工这块的话，应问题不大。,False,none,员工这块，应问题不大,,,speaker_stance,认为员工这块，应问题不大,,,
R8009_M8018,R8009_M8018_seg0308,1184.860,1188.770,N_SPK8021,然后你知道，现在我们对接就是武侯区的的一个社保局。,False,none,你知道，现在对接就是武侯区的的一个社...,,,speaker_stance,认为你知道，现在对接就是武侯区的的一个社保局,,,
R8009_M8018,R8009_M8018_seg0309,1188.980,1189.260,N_SPK8022,嗯,False,none,嗯,,,speaker_stance,认为嗯,,,
R8009_M8018,R8009_M8018_seg0310,1189.770,1192.020,N_SPK8021,对接的流程性现在很麻烦吗？这块。,False,none,对接的流程性现在很麻烦吗？这块,,,speaker_stance,认为对接的流程性现在很麻烦吗？这块,,,
R8009_M8018,R8009_M8018_seg0311,1192.670,1199.210,N_SPK8022,嗯这个也还是比较麻烦，接下来的话就是我们让，人力资源这块去。,True,partial,高重叠不确定,,,uncertainty,高重叠语音，内容或说话人归属不确定,,,多人同时说话，按项目规则标为不确定
R8009_M8018,R8009_M8018_seg0311,1192.670,1199.210,N_SPK8021,嗯,True,partial,高重叠不确定,,,uncertainty,高重叠语音，内容或说话人归属不确定,,,多人同时说话，按项目规则标为不确定
R8009_M8018,R8009_M8018_seg0312,1199.210,1201.550,N_SPK8022,把这个事情，就尽早的去。,False,none,把事情，就尽早的去,,,speaker_stance,认为把事情，就尽早的去,,,
R8009_M8018,R8009_M8018_seg0313,1201.550,1203.340,N_SPK8022,了解清楚，然后去。,False,none,了解清楚，去,,,speaker_stance,认为了解清楚，去,,,
R8009_M8018,R8009_M8018_seg0314,1203.910,1210.880,N_SPK8022,尽早的去实施嘛。这个,True,partial,高重叠不确定,,,uncertainty,高重叠语音，内容或说话人归属不确定,,,多人同时说话，按项目规则标为不确定
R8009_M8018,R8009_M8018_seg0314,1203.910,1210.880,N_SPK8021,我知道武侯区现在他的那个社保大厅，在那个西部智谷那个方那个位置。,True,partial,高重叠不确定,,,uncertainty,高重叠语音，内容或说话人归属不确定,,,多人同时说话，按项目规则标为不确定
R8009_M8018,R8009_M8018_seg0315,1210.880,1214.900,N_SPK8021,像我们公司在这个城里面，这个位置还是过去还是比较远，对吧？,False,none,像公司在城里面，位置还是过去还是比较...,,,open_question,待确认像公司在城里面，位置还是过去还是比较远，对吧？,,,
R8009_M8018,R8009_M8018_seg0316,1215.090,1216.730,N_SPK8022,嗯这个。,True,partial,高重叠不确定,,,uncertainty,高重叠语音，内容或说话人归属不确定,,,多人同时说话，按项目规则标为不确定
R8009_M8018,R8009_M8018_seg0316,1215.090,1216.730,N_SPK8021,你去过那个位置吗？,True,partial,高重叠不确定,,,uncertainty,高重叠语音，内容或说话人归属不确定,,,多人同时说话，按项目规则标为不确定
R8009_M8018,R8009_M8018_seg0317,1217.240,1220.930,N_SPK8022,嗯没这个还目前没有去过，但是，这个也不是经常去嘛。,False,none,没还目前没有去过，但是，也不是经常去...,,,disagreement,存在分歧没还目前没有去过，但是，也不是经常去嘛,,,
R8009_M8018,R8009_M8018_seg0318,1220.930,1226.320,N_SPK8022,也，也没多大关系。,True,partial,高重叠不确定,,,uncertainty,高重叠语音，内容或说话人归属不确定,,,多人同时说话，按项目规则标为不确定
R8009_M8018,R8009_M8018_seg0318,1220.930,1226.320,N_SPK8021,我建议你。,True,partial,高重叠不确定,,,uncertainty,高重叠语音，内容或说话人归属不确定,,,多人同时说话，按项目规则标为不确定
R8009_M8018,R8009_M8018_seg0318,1220.930,1226.320,N_SPK8022,到时去跑一趟嘛。,True,partial,高重叠不确定,,,uncertainty,高重叠语音，内容或说话人归属不确定,,,多人同时说话，按项目规则标为不确定
R8009_M8018,R8009_M8018_seg0318,1220.930,1226.320,N_SPK8021,因为你是主管着人事这一块的话，我觉得你还是。,True,partial,高重叠不确定,,,uncertainty,高重叠语音，内容或说话人归属不确定,,,多人同时说话，按项目规则标为不确定
R8009_M8018,R8009_M8018_seg0318,1220.930,1226.320,N_SPK8022,嗯。,True,partial,高重叠不确定,,,uncertainty,高重叠语音，内容或说话人归属不确定,,,多人同时说话，按项目规则标为不确定
R8009_M8018,R8009_M8018_seg0319,1226.830,1235.140,N_SPK8021,你还是要先把这块业务熟悉起来。,True,partial,高重叠不确定,,,uncertainty,高重叠语音，内容或说话人归属不确定,,,多人同时说话，按项目规则标为不确定
R8009_M8018,R8009_M8018_seg0319,1226.830,1235.140,N_SPK8022,对。,True,partial,高重叠不确定,,,uncertainty,高重叠语音，内容或说话人归属不确定,,,多人同时说话，按项目规则标为不确定
R8009_M8018,R8009_M8018_seg0319,1226.830,1235.140,N_SPK8021,呃，对接的人员因为公积金又是另一块公积金的话，我们是交到是哪个，如果交的话，是交到哪个部门？,True,partial,高重叠不确定,,,uncertainty,高重叠语音，内容或说话人归属不确定,,,多人同时说话，按项目规则标为不确定
R8009_M8018,R8009_M8018_seg0320,1235.780,1237.360,N_SPK8021,是跟哪个部门对接？,True,partial,高重叠不确定,,,uncertainty,高重叠语音，内容或说话人归属不确定,,,多人同时说话，按项目规则标为不确定
R8009_M8018,R8009_M8018_seg0320,1235.780,1237.360,N_SPK8022,公积金。,True,partial,高重叠不确定,,,uncertainty,高重叠语音，内容或说话人归属不确定,,,多人同时说话，按项目规则标为不确定
R8009_M8018,R8009_M8018_seg0321,1237.590,1244.690,N_SPK8022,他是专门的一个那个公积金跟社保，它是，两个部门嘛，公积金有专门的那个公积金服务中心，到时候。,True,partial,高重叠不确定,,,uncertainty,高重叠语音，内容或说话人归属不确定,,,多人同时说话，按项目规则标为不确定
R8009_M8018,R8009_M8018_seg0321,1237.590,1244.690,N_SPK8021,嗯嗯嗯,True,partial,高重叠不确定,,,uncertainty,高重叠语音，内容或说话人归属不确定,,,多人同时说话，按项目规则标为不确定
R8009_M8018,R8009_M8018_seg0322,1244.690,1246.220,N_SPK8022,接下来，我去。,False,none,接下来，我去,,,topic_transition,讨论接下来，我去,,,
R8009_M8018,R8009_M8018_seg0323,1246.490,1252.920,N_SPK8022,嗯都去跑一趟嘛。,True,partial,高重叠不确定,,,uncertainty,高重叠语音，内容或说话人归属不确定,,,多人同时说话，按项目规则标为不确定
R8009_M8018,R8009_M8018_seg0323,1246.490,1252.920,N_SPK8021,需要要呃，需要比如说我们因为是新开户吗？因为我们社保这块是。,True,partial,高重叠不确定,,,uncertainty,高重叠语音，内容或说话人归属不确定,,,多人同时说话，按项目规则标为不确定
R8009_M8018,R8009_M8018_seg0323,1246.490,1252.920,N_SPK8022,嗯,True,partial,高重叠不确定,,,uncertainty,高重叠语音，内容或说话人归属不确定,,,多人同时说话，按项目规则标为不确定
R8009_M8018,R8009_M8018_seg0324,1253.290,1256.310,N_SPK8021,然后它需要我们公司和企业提供什么东西，你知道吗？,False,none,它需要公司和企业提供什么东西，你知道...,,,open_question,待确认它需要公司和企业提供什么东西，你知道吗？,,,
R8009_M8018,R8009_M8018_seg0325,1256.510,1273.020,N_SPK8022,到时候我们，可能会用到公司的那个，嗯，营业执照啊。,True,partial,高重叠不确定,,,uncertainty,高重叠语音，内容或说话人归属不确定,,,多人同时说话，按项目规则标为不确定
R8009_M8018,R8009_M8018_seg0325,1256.510,1273.020,N_SPK8021,嗯，还有什么呢？,True,partial,高重叠不确定,,,uncertainty,高重叠语音，内容或说话人归属不确定,,,多人同时说话，按项目规则标为不确定
R8009_M8018,R8009_M8018_seg0325,1256.510,1273.020,N_SPK8022,还有，那个，法人的身份证复印件这些，到时候。你都就这个就麻烦沙总啊你去把那个法人的，嗯对找老板要一个，他的复。,True,partial,高重叠不确定,,,uncertainty,高重叠语音，内容或说话人归属不确定,,,多人同时说话，按项目规则标为不确定
R8009_M8018,R8009_M8018_seg0325,1256.510,1273.020,N_SPK8021,找老板要意见。,True,partial,高重叠不确定,,,uncertainty,高重叠语音，内容或说话人归属不确定,,,多人同时说话，按项目规则标为不确定
R8009_M8018,R8009_M8018_seg0325,1256.510,1273.020,N_SPK8021,户口需要吗？需要老板的户口吗？,True,partial,高重叠不确定,,,uncertainty,高重叠语音，内容或说话人归属不确定,,,多人同时说话，按项目规则标为不确定
R8009_M8018,R8009_M8018_seg0326,1273.940,1281.270,N_SPK8022,嗯嗯都找一个吧，尽量还是复印一个嘛，以备到时候需要用嘛。身份证复印件。还有户口簿,False,none,都找一个吧，尽量还是复印一个嘛，以备...,,,speaker_stance,认为都找一个吧，尽量还是复印一个嘛，以备到时候需要用嘛，身份证复印件，还有户口簿,,,
R8009_M8018,R8009_M8018_seg0327,1281.760,1285.770,N_SPK8021,工商管理注册这一块，他们就是那些相关的证明他们需要吗？,False,none,工商管理注册，他们就是那些相关的证明...,,,open_question,待确认工商管理注册，他们就是那些相关的证明他们需要吗？,,,
R8009_M8018,R8009_M8018_seg0328,1286.040,1290.580,N_SPK8022,嗯营业执照的那个复印件还是需要的。啊这需要带一个的,True,partial,高重叠不确定,,,uncertainty,高重叠语音，内容或说话人归属不确定,,,多人同时说话，按项目规则标为不确定
R8009_M8018,R8009_M8018_seg0328,1286.040,1290.580,N_SPK8021,那我拿营业执照。,True,partial,高重叠不确定,,,uncertainty,高重叠语音，内容或说话人归属不确定,,,多人同时说话，按项目规则标为不确定
R8009_M8018,R8009_M8018_seg0329,1291.330,1297.150,N_SPK8022,到时候资料的话就，那个麻烦你去找老板要一份。让我这边,True,partial,高重叠不确定,,,uncertainty,高重叠语音，内容或说话人归属不确定,,,多人同时说话，按项目规则标为不确定
R8009_M8018,R8009_M8018_seg0329,1291.330,1297.150,N_SPK8021,现在这个麻烦吗？办这个的流程。,True,partial,高重叠不确定,,,uncertainty,高重叠语音，内容或说话人归属不确定,,,多人同时说话，按项目规则标为不确定
R8009_M8018,R8009_M8018_seg0330,1297.730,1298.850,N_SPK8022,还是有点麻烦。,False,none,还是有点麻烦,,,speaker_stance,认为还是有点麻烦,,,
R8009_M8018,R8009_M8018_seg0331,1299.070,1301.820,N_SPK8021,大概有多少天大概正常情况下，多少天办下来。,False,none,大概有多少天大概正常情况下，多少天办...,,,speaker_stance,认为大概有多少天大概正常情况下，多少天办下来,,,
R8009_M8018,R8009_M8018_seg0332,1302.060,1303.830,N_SPK8022,嗯应该是。,False,none,应该是,,,speaker_stance,认为应该是,,,
R8009_M8018,R8009_M8018_seg0333,1304.510,1306.840,N_SPK8022,可能，估计预估是，要一个月左右。,False,none,可能，估计预估是，要一个月左右,,,speaker_stance,认为可能，估计预估是，要一个月左右,,,
R8009_M8018,R8009_M8018_seg0334,1306.870,1308.240,N_SPK8021,一个月左右那，还是？,True,partial,高重叠不确定,,,uncertainty,高重叠语音，内容或说话人归属不确定,,,多人同时说话，按项目规则标为不确定
R8009_M8018,R8009_M8018_seg0334,1306.870,1308.240,N_SPK8022,嗯对。,True,partial,高重叠不确定,,,uncertainty,高重叠语音，内容或说话人归属不确定,,,多人同时说话，按项目规则标为不确定
R8009_M8018,R8009_M8018_seg0335,1308.760,1312.360,N_SPK8021,那比如说我们下个月就四家超市开业。,True,partial,高重叠不确定,,,uncertainty,高重叠语音，内容或说话人归属不确定,,,多人同时说话，按项目规则标为不确定
R8009_M8018,R8009_M8018_seg0335,1308.760,1312.360,N_SPK8022,因为,True,partial,高重叠不确定,,,uncertainty,高重叠语音，内容或说话人归属不确定,,,多人同时说话，按项目规则标为不确定
R8009_M8018,R8009_M8018_seg0336,1312.490,1330.510,N_SPK8022,最近开因为我们也是刚刚才起步嘛，然后，人力资源啊，这一块，包括他们入职的这些。,True,partial,高重叠不确定,,,uncertainty,高重叠语音，内容或说话人归属不确定,,,多人同时说话，按项目规则标为不确定
R8009_M8018,R8009_M8018_seg0336,1312.490,1330.510,N_SPK8021,嗯,True,partial,高重叠不确定,,,uncertainty,高重叠语音，内容或说话人归属不确定,,,多人同时说话，按项目规则标为不确定
R8009_M8018,R8009_M8018_seg0336,1312.490,1330.510,N_SPK8021,嗯,True,partial,高重叠不确定,,,uncertainty,高重叠语音，内容或说话人归属不确定,,,多人同时说话，按项目规则标为不确定
R8009_M8018,R8009_M8018_seg0336,1312.490,1330.510,N_SPK8022,资料啊，采集都还是，需要一定，过程。嗯。,True,partial,高重叠不确定,,,uncertainty,高重叠语音，内容或说话人归属不确定,,,多人同时说话，按项目规则标为不确定
R8009_M8018,R8009_M8018_seg0336,1312.490,1330.510,N_SPK8021,但现在员工的话，才招了一半多一点。,True,partial,高重叠不确定,,,uncertainty,高重叠语音，内容或说话人归属不确定,,,多人同时说话，按项目规则标为不确定
R8009_M8018,R8009_M8018_seg0336,1312.490,1330.510,N_SPK8022,嗯对。,True,partial,高重叠不确定,,,uncertainty,高重叠语音，内容或说话人归属不确定,,,多人同时说话，按项目规则标为不确定
R8009_M8018,R8009_M8018_seg0336,1312.490,1330.510,N_SPK8021,呃，招人的话需要你们人力下面的人就是专门管这块的专员的话，尽快去招吧，还是。,True,partial,高重叠不确定,,,uncertainty,高重叠语音，内容或说话人归属不确定,,,多人同时说话，按项目规则标为不确定
R8009_M8018,R8009_M8018_seg0337,1330.750,1331.210,N_SPK8022,嗯,False,none,嗯,,,speaker_stance,认为嗯,,,
R8009_M8018,R8009_M8018_seg0338,1331.320,1333.580,N_SPK8021,然后我刚刚说的，可能你说这个。,False,none,我刚刚说的，可能你说,,,speaker_stance,认为我刚刚说的，可能你说,,,
R8009_M8018,R8009_M8018_seg0339,1334.110,1337.630,N_SPK8021,就办理对接社保还有公积金的话大概一个月我算一下。,False,none,就办理对接社保还有公积金大概一个月我...,,,speaker_stance,认为就办理对接社保还有公积金大概一个月我算,,,
R8009_M8018,R8009_M8018_seg0340,1338.240,1344.310,N_SPK8021,可能之后他们可能要入职两个月之后才会购买社保，但我这个希望你们还是。,False,none,可能之后他们可能要入职两个月之后才会...,,,speaker_stance,认为可能之后他们可能要入职两个月之后才会购买社保，但我希望你们还是,,,
R8009_M8018,R8009_M8018_seg0341,1344.790,1345.460,N_SPK8021,就跟。,False,none,就跟,,,speaker_stance,认为就跟,,,
R8009_M8018,R8009_M8018_seg0342,1345.460,1348.090,N_SPK8021,员工去交流清楚，嗯因为。,False,none,员工去交流清楚，因为,,,speaker_stance,认为员工去交流清楚，因为,,,
R8009_M8018,R8009_M8018_seg0343,1348.090,1350.950,N_SPK8021,第一个我们公司是新开的，第二个的话。,False,none,第一个公司是新开的，第二个,,,speaker_stance,认为第一个公司是新开的，第二个,,,
R8009_M8018,R8009_M8018_seg0344,1350.950,1352.880,N_SPK8021,因为对接社保的一些。,False,none,因为对接社保的一些,,,speaker_stance,认为因为对接社保的一些,,,
R8009_M8018,R8009_M8018_seg0345,1352.880,1357.970,N_SPK8021,流程的话也需要一个月，可能就会晚约，晚一个月给他们交那社保。,False,none,流程也需要一个月，可能就会晚约，晚一...,,,speaker_stance,认为流程也需要一个月，可能就会晚约，晚一个月给他们交那社保,,,
R8009_M8018,R8009_M8018_seg0346,1357.970,1359.030,N_SPK8021,五险一金这一块。,False,none,五险一金,,,speaker_stance,认为五险一金,,,
R8009_M8018,R8009_M8018_seg0347,1359.190,1360.740,N_SPK8022,嗯，好的。,True,partial,高重叠不确定,,,uncertainty,高重叠语音，内容或说话人归属不确定,,,多人同时说话，按项目规则标为不确定
R8009_M8018,R8009_M8018_seg0347,1359.190,1360.740,N_SPK8021,然后。,True,partial,高重叠不确定,,,uncertainty,高重叠语音，内容或说话人归属不确定,,,多人同时说话，按项目规则标为不确定
R8009_M8018,R8009_M8018_seg0348,1360.740,1362.480,N_SPK8021,社保可以补交吗？比如说。,False,none,社保可以补交吗？比如说,,,speaker_stance,认为社保可以补交吗？比如说,,,
R8009_M8018,R8009_M8018_seg0349,1363.000,1364.620,N_SPK8021,这块的话，比如他。,False,none,这块，比如他,,,speaker_stance,认为这块，比如他,,,
R8009_M8018,R8009_M8018_seg0350,1364.620,1367.490,N_SPK8021,这个月可以交上个月的吗？补交的。,False,none,月可以交上个月的吗？补交的,,,speaker_stance,认为月可以交上个月的吗？补交的,,,
R8009_M8018,R8009_M8018_seg0351,1367.490,1369.160,N_SPK8021,补交的话可以吗？这个了解过吗？,False,none,补交可以吗？了解过吗？,,,open_question,待确认补交可以吗？了解过吗？,,,
R8009_M8018,R8009_M8018_seg0352,1369.640,1370.480,N_SPK8022,这个。,False,none,这个。,,,speaker_stance,认为这个,,,
R8009_M8018,R8009_M8018_seg0353,1370.480,1373.550,N_SPK8022,应该是可以的吧。嗯,True,partial,高重叠不确定,,,uncertainty,高重叠语音，内容或说话人归属不确定,,,多人同时说话，按项目规则标为不确定
R8009_M8018,R8009_M8018_seg0353,1370.480,1373.550,N_SPK8021,应该是可以的，可以问一下。,True,partial,高重叠不确定,,,uncertainty,高重叠语音，内容或说话人归属不确定,,,多人同时说话，按项目规则标为不确定
R8009_M8018,R8009_M8018_seg0354,1375.120,1378.440,N_SPK8021,我看一下现在我之前了解到，像社保的话，它。,False,none,我看现在我之前了解到，像社保，它,,,topic_transition,讨论我看现在我之前了解到，像社保，它,,,
R8009_M8018,R8009_M8018_seg0355,1378.440,1379.450,N_SPK8021,交费的话。,False,none,交费,,,speaker_stance,认为交费,,,
R8009_M8018,R8009_M8018_seg0356,1379.450,1380.280,N_SPK8021,就是。,False,none,就是,,,speaker_stance,认为就是,,,
R8009_M8018,R8009_M8018_seg0357,1380.280,1384.160,N_SPK8021,直接是税务部门对接，税务这块的话需要跑一下吗？你们。,False,none,直接是税务部门对接，税务这块需要跑吗...,,,speaker_stance,认为直接是税务部门对接，税务这块需要跑吗？你们,,,
R8009_M8018,R8009_M8018_seg0358,1385.070,1387.030,N_SPK8022,到时候也要去，这个也要去跑一下。,False,none,到时候也要去，也要去跑,,,speaker_stance,认为到时候也要去，也要去跑,,,
R8009_M8018,R8009_M8018_seg0359,1387.490,1390.510,N_SPK8021,那我们现在也要去武侯区税务局。,True,partial,高重叠不确定,,,uncertainty,高重叠语音，内容或说话人归属不确定,,,多人同时说话，按项目规则标为不确定
R8009_M8018,R8009_M8018_seg0359,1387.490,1390.510,N_SPK8022,嗯,True,partial,高重叠不确定,,,uncertainty,高重叠语音，内容或说话人归属不确定,,,多人同时说话，按项目规则标为不确定
R8009_M8018,R8009_M8018_seg0360,1390.510,1393.870,N_SPK8021,去走一趟，他们现在在一起的嘛？就是他的办事大厅。,False,none,去走一趟，他们现在在一起的嘛？就是他...,,,speaker_stance,认为去走一趟，他们现在在一起的嘛？就是他的办事大厅,,,
R8009_M8018,R8009_M8018_seg0361,1393.870,1395.990,N_SPK8021,税务跟那个社保是在一起的吗？,False,none,税务跟社保是在一起的吗？,,,open_question,待确认税务跟社保是在一起的吗？,,,
R8009_M8018,R8009_M8018_seg0362,1396.010,1398.010,N_SPK8022,嗯不这一块，嗯,True,partial,高重叠不确定,,,uncertainty,高重叠语音，内容或说话人归属不确定,,,多人同时说话，按项目规则标为不确定
R8009_M8018,R8009_M8018_seg0362,1396.010,1398.010,N_SPK8021,不在一块儿的吗？,True,partial,高重叠不确定,,,uncertainty,高重叠语音，内容或说话人归属不确定,,,多人同时说话，按项目规则标为不确定
R8009_M8018,R8009_M8018_seg0363,1398.010,1399.680,N_SPK8021,还是很麻烦的这块。,False,none,还是很麻烦的这块,,,speaker_stance,认为还是很麻烦的这块,,,
R8009_M8018,R8009_M8018_seg0364,1399.680,1400.970,N_SPK8021,那就辛苦你了！小雪。,False,none,那就辛苦你了！小雪,,,speaker_stance,认为那就辛苦你了！小雪,,,
R8009_M8018,R8009_M8018_seg0365,1401.020,1405.140,N_SPK8022,嗯没有没有应该的。,True,partial,高重叠不确定,,,uncertainty,高重叠语音，内容或说话人归属不确定,,,多人同时说话，按项目规则标为不确定
R8009_M8018,R8009_M8018_seg0365,1401.020,1405.140,N_SPK8021,你看这边还有什么就是需要我们？,True,partial,高重叠不确定,,,uncertainty,高重叠语音，内容或说话人归属不确定,,,多人同时说话，按项目规则标为不确定
R8009_M8018,R8009_M8018_seg0366,1405.140,1406.050,N_SPK8021,公司。,False,none,公司,,,speaker_stance,认为公司,,,
R8009_M8018,R8009_M8018_seg0367,1406.050,1406.700,N_SPK8021,这边。,False,none,这边,,,speaker_stance,认为这边,,,
R8009_M8018,R8009_M8018_seg0368,1406.700,1409.880,N_SPK8021,总经办或者老总支持的东西需要吗？就是。,False,none,总经办或者老总支持的东西需要吗？就是,,,speaker_stance,认为总经办或者老总支持的东西需要吗？就是,,,
R8009_M8018,R8009_M8018_seg0369,1409.880,1410.920,N_SPK8021,社保这一块。,False,none,社保,,,speaker_stance,认为社保,,,
R8009_M8018,R8009_M8018_seg0370,1411.690,1421.130,N_SPK8022,这一块，到时候就是让他就把那个需要的资料，到时候需要一些什么资料，我先去那个办证大厅了解一下。,True,partial,高重叠不确定,,,uncertainty,高重叠语音，内容或说话人归属不确定,,,多人同时说话，按项目规则标为不确定
R8009_M8018,R8009_M8018_seg0370,1411.690,1421.130,N_SPK8021,嗯,True,partial,高重叠不确定,,,uncertainty,高重叠语音，内容或说话人归属不确定,,,多人同时说话，按项目规则标为不确定
R8009_M8018,R8009_M8018_seg0370,1411.690,1421.130,N_SPK8021,嗯嗯,True,partial,高重叠不确定,,,uncertainty,高重叠语音，内容或说话人归属不确定,,,多人同时说话，按项目规则标为不确定
R8009_M8018,R8009_M8018_seg0370,1411.690,1421.130,N_SPK8022,然后把详细需要的资料。,True,partial,高重叠不确定,,,uncertainty,高重叠语音，内容或说话人归属不确定,,,多人同时说话，按项目规则标为不确定
R8009_M8018,R8009_M8018_seg0371,1421.130,1426.430,N_SPK8022,就到时候直接发给你嘛，就麻烦你到时候发给我们老板一下。,True,partial,高重叠不确定,,,uncertainty,高重叠语音，内容或说话人归属不确定,,,多人同时说话，按项目规则标为不确定
R8009_M8018,R8009_M8018_seg0371,1421.130,1426.430,N_SPK8021,嗯嗯好,True,partial,高重叠不确定,,,uncertainty,高重叠语音，内容或说话人归属不确定,,,多人同时说话，按项目规则标为不确定
R8009_M8018,R8009_M8018_seg0371,1421.130,1426.430,N_SPK8021,好的好的。,True,partial,高重叠不确定,,,uncertainty,高重叠语音，内容或说话人归属不确定,,,多人同时说话，按项目规则标为不确定
R8009_M8018,R8009_M8018_seg0371,1421.130,1426.430,N_SPK8022,提供一下。,True,partial,高重叠不确定,,,uncertainty,高重叠语音，内容或说话人归属不确定,,,多人同时说话，按项目规则标为不确定
R8009_M8018,R8009_M8018_seg0372,1428.290,1429.030,N_SPK8022,资料就好了。,False,none,资料就好了,,,speaker_stance,认为资料就好了,,,
R8009_M8018,R8009_M8018_seg0373,1429.720,1430.850,N_SPK8021,啊，现在他们还需,False,none,现在他们还需,,,speaker_stance,认为现在他们还需,,,
R8009_M8018,R8009_M8018_seg0374,1431.240,1436.940,N_SPK8021,我们准备给他们定一些什么福利？你们有没有就是清楚的一个，比如他们年假现在多少天？,False,none,准备给他们定一些什么福利？你们有没有...,,,open_question,待确认准备给他们定一些什么福利？你们有没有就是清楚的一个，比如他们年假现在多少天？,,,
R8009_M8018,R8009_M8018_seg0375,1436.940,1439.090,N_SPK8021,这块然后一些比如说他们。,False,none,这块一些比如说他们,,,speaker_stance,认为这块一些比如说他们,,,
R8009_M8018,R8009_M8018_seg0376,1439.680,1448.040,N_SPK8021,结婚的话可能可以休息多少天？或者是他们一些比如结亲的话，会给他们发一些购物卡，这一块嘛？就是你们人事定了。,False,none,结婚可能可以休息多少天？或者是他们一...,,,speaker_stance,认为结婚可能可以休息多少天？或者是他们一些比如结亲，会给他们发一些购物卡，嘛？就是你们人事定...,,,
R8009_M8018,R8009_M8018_seg0377,1448.040,1448.910,N_SPK8021,定出来一个。,False,none,定出来一个,,,speaker_stance,认为定出来一个,,,
R8009_M8018,R8009_M8018_seg0378,1450.000,1451.230,N_SPK8021,那个列表出来没有？,False,none,列表出来没有？,,,open_question,待确认列表出来没有？,,,
R8009_M8018,R8009_M8018_seg0379,1451.950,1455.610,N_SPK8022,这，这方面，接下来会跟着去办，然后。,False,none,这，这方面，接下来会跟着去办,,,topic_transition,讨论这，这方面，接下来会跟着去办,,,
R8009_M8018,R8009_M8018_seg0380,1455.610,1461.140,N_SPK8022,他那个，假期的话，休假了，我们就都按照就是国家劳动法去。,True,partial,高重叠不确定,,,uncertainty,高重叠语音，内容或说话人归属不确定,,,多人同时说话，按项目规则标为不确定
R8009_M8018,R8009_M8018_seg0380,1455.610,1461.140,N_SPK8021,嗯嗯,True,partial,高重叠不确定,,,uncertainty,高重叠语音，内容或说话人归属不确定,,,多人同时说话，按项目规则标为不确定
R8009_M8018,R8009_M8018_seg0381,1461.140,1463.710,N_SPK8022,去休假嘛。嗯,True,partial,高重叠不确定,,,uncertainty,高重叠语音，内容或说话人归属不确定,,,多人同时说话，按项目规则标为不确定
R8009_M8018,R8009_M8018_seg0381,1461.140,1463.710,N_SPK8021,嗯，年假是多少天啊？现在。,True,partial,高重叠不确定,,,uncertainty,高重叠语音，内容或说话人归属不确定,,,多人同时说话，按项目规则标为不确定
R8009_M8018,R8009_M8018_seg0382,1464.020,1465.430,N_SPK8022,年假是，七天嘛。,False,none,年假是，七天嘛,,,speaker_stance,认为年假是，七天嘛,,,
R8009_M8018,R8009_M8018_seg0383,1465.430,1480.530,N_SPK8021,七天对吧。,True,partial,高重叠不确定,,,uncertainty,高重叠语音，内容或说话人归属不确定,,,多人同时说话，按项目规则标为不确定
R8009_M8018,R8009_M8018_seg0383,1465.430,1480.530,N_SPK8022,嗯目前是七天的，对的。,True,partial,高重叠不确定,,,uncertainty,高重叠语音，内容或说话人归属不确定,,,多人同时说话，按项目规则标为不确定
R8009_M8018,R8009_M8018_seg0383,1465.430,1480.530,N_SPK8021,七天的话也我们公司的话，也是正常的给他购买社保，然后。,True,partial,高重叠不确定,,,uncertainty,高重叠语音，内容或说话人归属不确定,,,多人同时说话，按项目规则标为不确定
R8009_M8018,R8009_M8018_seg0383,1465.430,1480.530,N_SPK8022,对，社保这些是正常购买，然后如果说。,True,partial,高重叠不确定,,,uncertainty,高重叠语音，内容或说话人归属不确定,,,多人同时说话，按项目规则标为不确定
R8009_M8018,R8009_M8018_seg0383,1465.430,1480.530,N_SPK8021,然后那个。,True,partial,高重叠不确定,,,uncertainty,高重叠语音，内容或说话人归属不确定,,,多人同时说话，按项目规则标为不确定
R8009_M8018,R8009_M8018_seg0383,1465.430,1480.530,N_SPK8021,基本工资也是照发的，对吧。,True,partial,高重叠不确定,,,uncertainty,高重叠语音，内容或说话人归属不确定,,,多人同时说话，按项目规则标为不确定
R8009_M8018,R8009_M8018_seg0383,1465.430,1480.530,N_SPK8022,嗯基本工资我们是要发的，到时候就如果遇到需要加班的情况下。,True,partial,高重叠不确定,,,uncertainty,高重叠语音，内容或说话人归属不确定,,,多人同时说话，按项目规则标为不确定
R8009_M8018,R8009_M8018_seg0384,1480.530,1483.520,N_SPK8022,我们也是需要跟他们支付，三倍的。,False,none,也是需要跟他们支付，三倍的,,,speaker_stance,认为也是需要跟他们支付，三倍的,,,
R8009_M8018,R8009_M8018_seg0385,1483.520,1486.810,N_SPK8022,节假日工资的，嗯，对。,True,partial,高重叠不确定,,,uncertainty,高重叠语音，内容或说话人归属不确定,,,多人同时说话，按项目规则标为不确定
R8009_M8018,R8009_M8018_seg0385,1483.520,1486.810,N_SPK8021,哦工资对对对，因为超市肯定。,True,partial,高重叠不确定,,,uncertainty,高重叠语音，内容或说话人归属不确定,,,多人同时说话，按项目规则标为不确定
R8009_M8018,R8009_M8018_seg0386,1487.320,1494.830,N_SPK8021,越是这个时候，越生意好。,True,partial,高重叠不确定,,,uncertainty,高重叠语音，内容或说话人归属不确定,,,多人同时说话，按项目规则标为不确定
R8009_M8018,R8009_M8018_seg0386,1487.320,1494.830,N_SPK8022,对，因为我们年，年底的时候，可能会，休假的人比较少一些，需要去调整一个轮休嘛。,True,partial,高重叠不确定,,,uncertainty,高重叠语音，内容或说话人归属不确定,,,多人同时说话，按项目规则标为不确定
R8009_M8018,R8009_M8018_seg0387,1495.900,1496.560,N_SPK8021,嗯，可以。,False,none,可以,,,speaker_stance,认为可以,,,
R8009_M8018,R8009_M8018_seg0388,1497.630,1502.070,N_SPK8021,像那个看一下，现在社保刚也想到一个问题，社保的话，它。,False,none,像看，现在社保刚也想到一个问题，社保...,,,topic_transition,讨论像看，现在社保刚也想到一个问题，社保，它,,,
R8009_M8018,R8009_M8018_seg0389,1502.780,1504.090,N_SPK8021,自己员工。,False,none,自己员工,,,speaker_stance,认为自己员工,,,
R8009_M8018,R8009_M8018_seg0390,1504.090,1505.260,N_SPK8021,比如他自己。,False,none,比如他自己,,,speaker_stance,认为比如他自己,,,
R8009_M8018,R8009_M8018_seg0391,1505.260,1507.280,N_SPK8021,以前自己购买了，他需要。,False,none,以前自己购买了，他需要,,,speaker_stance,认为以前自己购买了，他需要,,,
R8009_M8018,R8009_M8018_seg0392,1507.280,1509.800,N_SPK8021,去怎么停办这块还是怎样的？,False,none,去怎么停办这块还是怎样的？,,,open_question,待确认去怎么停办这块还是怎样的？,,,
R8009_M8018,R8009_M8018_seg0393,1509.800,1512.110,N_SPK8021,有公司重新给他购买这块。,False,none,有公司重新给他购买这块,,,speaker_stance,认为有公司重新给他购买这块,,,
R8009_M8018,R8009_M8018_seg0394,1512.110,1512.920,N_SPK8021,你了解过吗？,False,none,你了解过吗？,,,open_question,待确认你了解过吗？,,,
R8009_M8018,R8009_M8018_seg0395,1514.100,1514.940,N_SPK8022,这个。,False,none,这个。,,,speaker_stance,认为这个,,,
R8009_M8018,R8009_M8018_seg0396,1516.280,1520.480,N_SPK8022,目前我因为我们也是新开。,True,partial,高重叠不确定,,,uncertainty,高重叠语音，内容或说话人归属不确定,,,多人同时说话，按项目规则标为不确定
R8009_M8018,R8009_M8018_seg0396,1516.280,1520.480,N_SPK8021,嗯，嗯嗯。,True,partial,高重叠不确定,,,uncertainty,高重叠语音，内容或说话人归属不确定,,,多人同时说话，按项目规则标为不确定
R8009_M8018,R8009_M8018_seg0396,1516.280,1520.480,N_SPK8022,所以这一块，还不是很了解。,True,partial,高重叠不确定,,,uncertainty,高重叠语音，内容或说话人归属不确定,,,多人同时说话，按项目规则标为不确定
R8009_M8018,R8009_M8018_seg0397,1520.480,1521.920,N_SPK8022,需要到时候去了解一下。,True,full,高重叠不确定,,,uncertainty,高重叠语音，内容或说话人归属不确定,,,多人同时说话，按项目规则标为不确定
R8009_M8018,R8009_M8018_seg0397,1520.480,1521.920,N_SPK8021,那这个。,True,full,高重叠不确定,,,uncertainty,高重叠语音，内容或说话人归属不确定,,,多人同时说话，按项目规则标为不确定
R8009_M8018,R8009_M8018_seg0398,1522.110,1527.160,N_SPK8021,之后你去社保大厅的话，也了解一下这个流程。,True,partial,高重叠不确定,,,uncertainty,高重叠语音，内容或说话人归属不确定,,,多人同时说话，按项目规则标为不确定
R8009_M8018,R8009_M8018_seg0398,1522.110,1527.160,N_SPK8022,嗯去问一下到时候嗯。,True,partial,高重叠不确定,,,uncertainty,高重叠语音，内容或说话人归属不确定,,,多人同时说话，按项目规则标为不确定
R8009_M8018,R8009_M8018_seg0398,1522.110,1527.160,N_SPK8021,告告诉他们怎么做这块，因为。,True,partial,高重叠不确定,,,uncertainty,高重叠语音，内容或说话人归属不确定,,,多人同时说话，按项目规则标为不确定
R8009_M8018,R8009_M8018_seg0399,1527.970,1530.420,N_SPK8021,可能那些员工有些年龄的话。,False,none,可能那些员工有些年龄,,,speaker_stance,认为可能那些员工有些年龄,,,
R8009_M8018,R8009_M8018_seg0400,1530.420,1535.310,N_SPK8021,他自己以前也会自己去购买社保，因为他现在有可以灵活保险这一块。,False,none,他自己以前也会自己去购买社保，因为他...,,,speaker_stance,认为他自己以前也会自己去购买社保，因为他现在有可以灵活保险,,,
R8009_M8018,R8009_M8018_seg0401,1535.740,1538.190,N_SPK8022,就是，还有一个问题就是他们那个。,True,partial,高重叠不确定,,,uncertainty,高重叠语音，内容或说话人归属不确定,,,多人同时说话，按项目规则标为不确定
R8009_M8018,R8009_M8018_seg0401,1535.740,1538.190,N_SPK8021,嗯,True,partial,高重叠不确定,,,uncertainty,高重叠语音，内容或说话人归属不确定,,,多人同时说话，按项目规则标为不确定
R8009_M8018,R8009_M8018_seg0402,1538.190,1543.690,N_SPK8022,可能就是有一有一部分的人，招进来的人应该年龄大了，他们可能就会。,True,partial,高重叠不确定,,,uncertainty,高重叠语音，内容或说话人归属不确定,,,多人同时说话，按项目规则标为不确定
R8009_M8018,R8009_M8018_seg0402,1538.190,1543.690,N_SPK8021,嗯,True,partial,高重叠不确定,,,uncertainty,高重叠语音，内容或说话人归属不确定,,,多人同时说话，按项目规则标为不确定
R8009_M8018,R8009_M8018_seg0403,1544.220,1549.320,N_SPK8022,嗯不太想买的，不是，不太想买社保。,True,partial,高重叠不确定,,,uncertainty,高重叠语音，内容或说话人归属不确定,,,多人同时说话，按项目规则标为不确定
R8009_M8018,R8009_M8018_seg0403,1544.220,1549.320,N_SPK8021,嗯嗯,True,partial,高重叠不确定,,,uncertainty,高重叠语音，内容或说话人归属不确定,,,多人同时说话，按项目规则标为不确定
R8009_M8018,R8009_M8018_seg0403,1544.220,1549.320,N_SPK8022,就是要求我们公司。,True,partial,高重叠不确定,,,uncertainty,高重叠语音，内容或说话人归属不确定,,,多人同时说话，按项目规则标为不确定
R8009_M8018,R8009_M8018_seg0404,1549.680,1555.090,N_SPK8022,跟他补贴的这这一块，因为我，最近招人的时候。,True,partial,高重叠不确定,,,uncertainty,高重叠语音，内容或说话人归属不确定,,,多人同时说话，按项目规则标为不确定
R8009_M8018,R8009_M8018_seg0404,1549.680,1555.090,N_SPK8021,嗯嗯,True,partial,高重叠不确定,,,uncertainty,高重叠语音，内容或说话人归属不确定,,,多人同时说话，按项目规则标为不确定
R8009_M8018,R8009_M8018_seg0404,1549.680,1555.090,N_SPK8022,有一部分人就是。,True,partial,高重叠不确定,,,uncertainty,高重叠语音，内容或说话人归属不确定,,,多人同时说话，按项目规则标为不确定
R8009_M8018,R8009_M8018_seg0405,1555.090,1556.320,N_SPK8022,觉得还是没有。,False,none,觉得还是没有,,,speaker_stance,认为觉得还是没有,,,
R8009_M8018,R8009_M8018_seg0406,1556.320,1558.300,N_SPK8022,不需要嘛，可能不需要就补贴。,True,partial,高重叠不确定,,,uncertainty,高重叠语音，内容或说话人归属不确定,,,多人同时说话，按项目规则标为不确定
R8009_M8018,R8009_M8018_seg0406,1556.320,1558.300,N_SPK8021,嗯,True,partial,高重叠不确定,,,uncertainty,高重叠语音，内容或说话人归属不确定,,,多人同时说话，按项目规则标为不确定
R8009_M8018,R8009_M8018_seg0407,1559.120,1562.220,N_SPK8022,但是这，这一块，到时候，如果遇到你们还。,False,none,但是这，到时候，如果遇到你们还,,,speaker_stance,认为但是这，到时候，如果遇到你们还,,,
R8009_M8018,R8009_M8018_seg0408,1563.780,1567.760,N_SPK8021,嗯,True,partial,高重叠不确定,,,uncertainty,高重叠语音，内容或说话人归属不确定,,,多人同时说话，按项目规则标为不确定
R8009_M8018,R8009_M8018_seg0408,1563.780,1567.760,N_SPK8022,让那个人力资源，招人的，到时麻烦你跟他说一下。,True,partial,高重叠不确定,,,uncertainty,高重叠语音，内容或说话人归属不确定,,,多人同时说话，按项目规则标为不确定
R8009_M8018,R8009_M8018_seg0409,1567.760,1569.410,N_SPK8022,我们是必须要购买的。,False,none,是必须要购买的,,,speaker_stance,认为是必须要购买的,,,
R8009_M8018,R8009_M8018_seg0410,1569.610,1576.140,N_SPK8021,这块的话你可以跟因为你现在负责人知这块吗。你可以自己直接跟他说可以了，不需要通过我。,True,partial,高重叠不确定,,,uncertainty,高重叠语音，内容或说话人归属不确定,,,多人同时说话，按项目规则标为不确定
R8009_M8018,R8009_M8018_seg0410,1569.610,1576.140,N_SPK8022,啊嗯,True,partial,高重叠不确定,,,uncertainty,高重叠语音，内容或说话人归属不确定,,,多人同时说话，按项目规则标为不确定
R8009_M8018,R8009_M8018_seg0410,1569.610,1576.140,N_SPK8021,而且我之前。,True,partial,高重叠不确定,,,uncertainty,高重叠语音，内容或说话人归属不确定,,,多人同时说话，按项目规则标为不确定
R8009_M8018,R8009_M8018_seg0411,1576.140,1578.180,N_SPK8021,刚你说的很对，因为我之前也。,False,none,刚你说的很对，因为我之前也,,,speaker_stance,认为刚你说的很对，因为我之前也,,,
R8009_M8018,R8009_M8018_seg0412,1578.490,1578.880,N_SPK8021,就是。,False,none,就是,,,speaker_stance,认为就是,,,
R8009_M8018,R8009_M8018_seg0413,1579.580,1584.450,N_SPK8021,跟公司的法务聊过这个问题，就是五险这个五险的话是国家必须购买的。,True,partial,高重叠不确定,,,uncertainty,高重叠语音，内容或说话人归属不确定,,,多人同时说话，按项目规则标为不确定
R8009_M8018,R8009_M8018_seg0413,1579.580,1584.450,N_SPK8022,嗯,True,partial,高重叠不确定,,,uncertainty,高重叠语音，内容或说话人归属不确定,,,多人同时说话，按项目规则标为不确定
R8009_M8018,R8009_M8018_seg0414,1584.940,1587.660,N_SPK8021,就算你员工提出来不想买还是。,True,partial,高重叠不确定,,,uncertainty,高重叠语音，内容或说话人归属不确定,,,多人同时说话，按项目规则标为不确定
R8009_M8018,R8009_M8018_seg0414,1584.940,1587.660,N_SPK8022,嗯,True,partial,高重叠不确定,,,uncertainty,高重叠语音，内容或说话人归属不确定,,,多人同时说话，按项目规则标为不确定
R8009_M8018,R8009_M8018_seg0415,1588.270,1592.410,N_SPK8021,我们公司就必须给你购买，就是没有什么补贴之处，就是直接给他购买了。,False,none,公司就必须给你购买，就是没有什么补贴...,,,speaker_stance,认为公司就必须给你购买，就是没有什么补贴之处，就是直接给他购买了,,,
R8009_M8018,R8009_M8018_seg0416,1592.620,1593.390,N_SPK8022,嗯，对。,False,none,对,,,speaker_stance,认为对,,,
R8009_M8018,R8009_M8018_seg0417,1594.030,1598.320,N_SPK8021,那你了解过他们情况的，他们是年限最低年限交够了还是。因为什么原因？,False,none,那你了解过他们情况的，他们是年限最低...,,,open_question,待确认那你了解过他们情况的，他们是年限最低年限交够了还是，因为什么原因？,,,
R8009_M8018,R8009_M8018_seg0418,1598.320,1598.930,N_SPK8021,还是。,False,none,还是,,,speaker_stance,认为还是,,,
R8009_M8018,R8009_M8018_seg0419,1598.930,1599.690,N_SPK8021,本来就。,False,none,本来就,,,speaker_stance,认为本来就,,,
R8009_M8018,R8009_M8018_seg0420,1599.690,1602.530,N_SPK8021,不想买对这块了。,True,partial,高重叠不确定,,,uncertainty,高重叠语音，内容或说话人归属不确定,,,多人同时说话，按项目规则标为不确定
R8009_M8018,R8009_M8018_seg0420,1599.690,1602.530,N_SPK8022,本来就不想买吧，可能就是。,True,partial,高重叠不确定,,,uncertainty,高重叠语音，内容或说话人归属不确定,,,多人同时说话，按项目规则标为不确定
R8009_M8018,R8009_M8018_seg0421,1602.850,1608.510,N_SPK8022,嗯那个，觉得年龄大了，没有必要啊。,True,partial,高重叠不确定,,,uncertainty,高重叠语音，内容或说话人归属不确定,,,多人同时说话，按项目规则标为不确定
R8009_M8018,R8009_M8018_seg0421,1602.850,1608.510,N_SPK8021,他的年限是买够了吗？你有了解过这个情况。他的就是。,True,partial,高重叠不确定,,,uncertainty,高重叠语音，内容或说话人归属不确定,,,多人同时说话，按项目规则标为不确定
R8009_M8018,R8009_M8018_seg0422,1608.850,1609.480,N_SPK8021,他的那个。,False,none,他的,,,speaker_stance,认为他的,,,
R8009_M8018,R8009_M8018_seg0423,1610.530,1615.270,N_SPK8021,那个医疗跟那个养老的年限是买够了吗？还是什么原因你了解过吗？,False,none,医疗跟养老的年限是买够了吗？还是什么...,,,open_question,待确认医疗跟养老的年限是买够了吗？还是什么原因你了解过吗？,,,
R8009_M8018,R8009_M8018_seg0424,1615.770,1619.660,N_SPK8022,嗯他们大多数可能还是，也不是买够了吧，是。,False,none,他们大多数可能还是，也不是买够了吧...,,,disagreement,存在分歧他们大多数可能还是，也不是买够了吧，是,,,
R8009_M8018,R8009_M8018_seg0425,1620.110,1624.640,N_SPK8022,嗯主要还是就是为了，就是节约嘛，因为他们自己也要承担一部分。,True,partial,高重叠不确定,,,uncertainty,高重叠语音，内容或说话人归属不确定,,,多人同时说话，按项目规则标为不确定
R8009_M8018,R8009_M8018_seg0425,1620.110,1624.640,N_SPK8021,嗯,True,partial,高重叠不确定,,,uncertainty,高重叠语音，内容或说话人归属不确定,,,多人同时说话，按项目规则标为不确定
R8009_M8018,R8009_M8018_seg0426,1624.980,1628.850,N_SPK8021,嗯,True,partial,高重叠不确定,,,uncertainty,高重叠语音，内容或说话人归属不确定,,,多人同时说话，按项目规则标为不确定
R8009_M8018,R8009_M8018_seg0426,1624.980,1628.850,N_SPK8022,觉得年龄大了，然后，可能也工作不了那么长时间了。,True,partial,高重叠不确定,,,uncertainty,高重叠语音，内容或说话人归属不确定,,,多人同时说话，按项目规则标为不确定
R8009_M8018,R8009_M8018_seg0427,1630.290,1632.100,N_SPK8022,自己承担的部分，就会比较多一些。,False,none,自己承担的部分，就会比较多一些,,,speaker_stance,认为自己承担的部分，就会比较多一些,,,
R8009_M8018,R8009_M8018_seg0428,1633.970,1639.830,N_SPK8021,那下来的话，其实你还是跟他们说清楚这个事，第一个是国家必须购买的，第二个的话是因为，,False,none,那下来，你还是跟他们说清楚事，第一个...,,,speaker_stance,认为那下来，你还是跟他们说清楚事，第一个是国家必须购买的，第二个是因为,,,
R8009_M8018,R8009_M8018_seg0429,1640.620,1645.170,N_SPK8021,也是公司给与的福利嘛，其实他们个人的话也不需要承担。,False,none,也是公司给与的福利嘛，他们个人也不需...,,,speaker_stance,认为也是公司给与的福利嘛，他们个人也不需要承担,,,
R8009_M8018,R8009_M8018_seg0430,1646.920,1651.480,N_SPK8022,哦，对了，我好像最近了解到有那个新，新规定，就是，说。,False,none,哦，对了，我好像最近了解到有新，新规...,,,speaker_stance,认为哦，对了，我好像最近了解到有新，新规定，就是，说,,,
